,mediana,media,IC68_inf,IC68_sup,IC95_inf,IC95_sup
2026-10-02,51.169998,51.169998,51.169998,51.169998,51.169998,51.169998
2026-10-05,51.20025040472645,51.21781135855306,49.876782420324396,52.55883628207869,48.638495094632894,53.8969315643148
2026-10-06,51.23052069508954,51.265669394013386,49.3678247370422,53.16349798010657,47.643447937654344,55.087663976890894
2026-10-07,51.26080888166353,51.3135721481272,48.98754835125204,53.63955975835797,46.90019569145861,56.0268563587461
2026-10-08,51.291114975028876,51.36151966267969,48.67375236345663,54.04922258175379,46.28691414713026,56.83633320249622
2026-10-09,51.321438985772346,51.40951197949513,48.402362206919406,54.416561082504835,45.756468310797445,57.563229786002026
2026-10-12,51.351780924486924,51.457549140436846,48.16103999397065,54.75391321380581,45.28471018797439,58.231694388027044
2026-10-13,51.382140801771875,51.505631187407275,47.94246170230744,55.068603063535285,44.85730970895414,58.85605736284503
2026-10-14,51.41251862823273,51.55375816234803,47.741858706856725,55.3653993223928,44.464939657550836,59.445646211498094
2026-10-15,51.44291441448129,51.601930107239916,47.555921039165334,55.647612024508796,44.10112794858484,60.0069333043117
2026-10-16,51.47332817113562,51.65014706410294,47.382240417628594,55.91764951721605,43.76116708402149,60.54462642475634
2026-10-19,51.503759908820086,51.69840907499639,47.21900005099473,56.17732865754539,43.441506876605644,61.06227604581313
2026-10-20,51.53420963816531,51.74671618201885,47.06478945326944,56.42805999732103,43.13939196157136,61.562637818264506
2026-10-21,51.564677369808194,51.79506842730825,46.918487715484616,56.67096451139197,42.85263334059147,62.04790102674493
2026-10-22,51.59516311439196,51.84346585304187,46.7791866363807,56.906950466949716,42.579457957181,62.519839014337606
2026-10-23,51.625666882566115,51.89190850143643,46.64613824332918,57.1367659026057,42.31840601541132,62.979911863860835
2026-10-26,51.656188684986425,51.940396414748086,46.5187178648118,57.36103555591223,42.0682587370875,63.429338640690716
2026-10-27,51.686728532315,51.98892963527247,46.39639746847167,57.580287525311334,41.82798620913965,63.86914954537028
2026-10-28,51.717286435220245,52.03750820534473,46.278725979157066,57.79497295209105,41.59670888970456,64.30022440752796
2026-10-29,51.74786240437685,52.08613216733959,46.165314466099026,58.005480833207834,41.37366864126061,64.72332165274307
2026-10-30,51.778456450465846,52.13480156367138,46.055824803607536,58.21214936059045,41.15820655938728,65.13910047378654
2026-11-02,51.80906858417455,52.18351643679403,45.94996085907239,58.41527473313911,40.94974574543187,65.54813805795447
2026-11-03,51.839698816196616,52.232276829201155,45.847461552333165,58.615118097355555,40.74777773954796,65.95094315402999
2026-11-04,51.87034715723202,52.28108278342606,45.74809532262535,58.811911080396975,40.55185170663578,66.3479668863431
2026-11-05,51.90101361798704,52.329934342041824,45.651655669301654,59.005860249354726,40.3615657221182,66.73961146899501
2026-11-06,51.93169820917432,52.3788315476613,45.557957522213734,59.19715074087264,40.176559679995904,67.12623729780324
2026-11-09,51.96240094151282,52.42777444293712,45.46683426062341,59.38594924223587,39.996509468869846,67.50816877427945
2026-11-10,51.99312182572783,52.47676307056183,45.37813524446012,59.5724064601134,39.82112214956613,67.88569912800484
2026-11-11,52.02386087255099,52.52579747326781,45.291723754292875,59.75665918058627,39.6501319316839,68.2590944400825
2026-11-12,52.054618092720304,52.57487769382741,45.207475260276304,59.93883200020141,39.483296793127366,68.62859702360575
2026-11-13,52.08539349698007,52.624003775052934,45.12527595808472,60.11903879003775,39.32039562141299,68.99442828235115
2026-11-16,52.116187096080985,52.67317575979668,45.04502152319202,60.29738394142623,39.161225781645,69.35679114280333
2026-11-17,52.14699890078009,52.72239369095101,44.96661604499126,60.4739634318304,39.005601035876474,69.71587213479417
2026-11-18,52.177828921840785,52.77165761144834,44.88997111002232,60.64886574161867,38.85334975377933,70.07184318083308
2026-11-19,52.208677170032836,52.82096756426122,44.815005009594195,60.82217264644215,38.70431336631481,70.42486314243682
2026-11-20,52.23954365613237,52.87032359240234,44.74164205178663,60.99395990523299,38.558345023283785,70.77507916257943
2026-11-23,52.270428390921886,52.91972573892459,44.66981196151281,61.16429786014175,38.4153084228644,71.12262783615493
2026-11-24,52.30133138519026,52.96917404692109,44.59944935525569,61.33325196180117,38.27507678697539,71.46763623461432
2026-11-25,52.33225264973275,53.01866855952523,44.53049327943032,61.50088323096376,38.13753196087771,71.81022280636411
2026-11-26,52.36319219535099,53.068209319910686,44.46288680320543,61.66724866568036,38.00256361910337,72.15049817083786
2026-11-27,52.394150032853005,53.117796371291476,44.396576658137434,61.83240160166613,37.8700685627725,72.48856582117938
2026-11-30,52.4251261730532,53.167429756922026,44.33151291820752,61.996392032263515,37.73995009577729,72.8245227480591
2026-12-01,52.45612062677239,53.21710952009717,44.26764871486361,62.15926689340031,37.612117469288584,73.15845999516768
2026-12-02,52.487133404837785,53.26683570415215,44.204939982501166,62.32107031810889,37.48648538566664,73.49046315530566
2026-12-03,52.518164518082976,53.31660835246277,44.14334523050396,62.4818438644855,37.36297355420052,73.82061281464425
2026-12-04,52.54921397734797,53.36642750844533,44.08282533853668,62.64162672039769,37.24150629221604,74.1489849516177
2026-12-07,52.580281793479195,53.416293215556685,44.02334337225724,62.80045588777199,37.12201216602186,74.47565129597754
2026-12-08,52.611367977329486,53.46620551729433,43.96486441701533,62.95836634889548,37.004423666942564,74.80067965275971
2026-12-09,52.64247253975808,53.51616445719636,43.90735542743909,63.11539121682912,36.888676918342306,75.12413419526125
2026-12-10,52.67359549163066,53.566170078841616,43.850785091094835,63.27156187174802,36.77471141009588,75.44607573056953
2026-12-11,52.70473684381928,53.616222425849585,43.79512370464476,63.42690808478386,36.662469757432675,75.7665619407185
2026-12-14,52.735896607202505,53.66632154188057,43.74034306113168,63.58145813074011,36.551897481477575,76.08564760214826
2026-12-15,52.76707479266527,53.71646747063565,43.68641634719396,63.73523889087721,36.442942809153,76.40338478580303
2026-12-16,52.79827141109895,53.76666025585672,43.63331804916289,63.888275946815156,36.33555649039764,76.71982303991298
2026-12-17,52.829486473401374,53.816899941326575,43.58102386712305,64.04059366647324,36.2296916309075,77.0350095572533
2026-12-18,52.860719990476824,53.86718657086892,43.52951063612646,64.19221528285593,36.12530353882033,77.34898932846012
2026-12-21,52.891971973236004,53.9175201883484,43.478756253846534,64.3431629663989,36.02234958395084,77.66180528279558
2026-12-22,52.923242432596076,53.96790083767062,43.42873961404078,64.49345789150648,35.920789068345414,77.97349841759342
2026-12-23,52.95453137948068,54.01832856278225,43.37944054526286,64.64312029783949,35.82058310706493,78.2841079174764
2026-12-24,52.98583882481986,54.068803407671034,43.330839754327016,64.792169546851,35.72169451822683,78.59367126431457
2026-12-25,53.01716477955018,54.11932541636576,43.282918774082695,64.94062417401162,35.62408772144367,78.90222433878701
2026-12-28,53.048509254614636,54.16989463293642,43.23565991510488,65.08850193711929,35.52772864388906,79.20980151431611
2026-12-29,53.079872260962716,54.22051110149414,43.18904622094762,65.2358198610458,35.43258463330346,79.51643574406216
2026-12-30,53.111253809550355,54.27117486619128,43.143061426645104,65.38259427923563,35.33862437732461,79.8221586415932
2026-12-31,53.14265391134,54.32188597122147,43.09768992017716,65.52884087224068,35.24581782859026,80.12700055578249
2027-01-01,53.17407257730053,54.37264446081962,43.052916706644666,65.67457470354475,35.154136135117554,80.4309906404295
2027-01-04,53.20550981840735,54.423450379261965,43.00872737492595,65.81981025290722,35.06355157551223,80.73415691905099
2027-01-05,53.23696564564236,54.474303770866115,42.965108066607534,65.96456144743236,34.97403749860538,81.03652634524451
2027-01-06,53.26844006999391,54.525204679991106,42.92204544700277,66.10884169055078,34.88556826715407,81.33812485898814
2027-01-07,53.29993310245687,54.576153151037424,42.87952667808956,66.25266388908165,34.798119205277025,81.63897743920501
2027-01-08,53.331444754032624,54.62714922844702,42.83753939321441,66.39604047852872,34.711666549327646,81.93910815289063
2027-01-11,53.36297503572903,54.678192956703384,42.79607167342406,66.53898344674883,34.62618740193395,82.23854020107322
2027-01-12,53.39452395856049,54.729284380331585,42.75511202529865,66.68150435611861,34.541659688960095,82.53729596185255
2027-01-13,53.4260915335479,54.780423543898266,42.71464936017191,66.82361436431445,34.45806211916609,82.83539703074038
2027-01-14,53.45767777171865,54.831610492011734,42.67467297463377,66.9653242438099,34.3753741463622,83.13286425850652
2027-01-15,53.48928268410668,54.88284526932199,42.63517253222021,67.1066444001859,34.29357593387247,83.42971778671541
2027-01-18,53.52090628175245,54.93412792052071,42.59613804620324,67.24758488934074,34.21264832113792,83.72597708112343
2027-01-19,53.552548575702936,54.985458490341394,42.55755986340142,67.38815543367967,34.132572792304245,84.02166096309132
2027-01-20,53.58420957701165,55.03683702355929,42.51942864893816,67.52836543735664,34.05333144665224,84.31678763915416
2027-01-21,53.61588929673863,55.0882635649915,42.48173537188069,67.66822400063526,33.974906970740676,84.6113747288787
2027-01-22,53.64758774595048,55.139738159497014,42.44447129169869,67.80773993343037,33.89728261214244,84.90543929112764
2027-01-25,53.67930493572031,55.19126085197673,42.40762794548605,67.94692176808621,33.820442154664036,85.19899784884024
2027-01-26,53.71104087712781,55.242831687373496,42.37119713589391,68.08577777144346,33.74436989494766,85.49206641243076
2027-01-27,53.742795581259195,55.29445071067215,42.33517091972739,68.22431595624253,33.66905062036291,85.78466050189687
2027-01-28,53.774569059207245,55.346117966899584,42.29954159716189,68.36254409190735,33.59446958810262,86.07679516772419
2027-01-29,53.806361322071304,55.39783350112476,42.264301701538464,68.50046971474995,33.52061250540361,86.36848501066585
2027-02-01,53.83817238095726,55.449597358458725,42.22944398970067,68.63810013763373,33.44746551081971,86.65974420046973
2027-02-02,53.870002246977606,55.50140958405472,42.1949614328384,68.77544245912965,33.375015156479286,86.95058649362122
2027-02-03,53.90185093125134,55.553270223108136,42.16084720780647,68.91250357219762,33.303248391265264,87.24102525016355
2027-02-04,53.933718444904095,55.60517932085662,42.12709468888838,69.0492901724229,33.23215254485947,87.53107344965366
2027-02-05,53.96560479906807,55.6571369225801,42.09369743997763,69.1858087658347,33.16171531259808,87.82074370630717
2027-02-08,53.997510004882,55.70914307360078,42.060649207151165,69.32206567633288,33.09192474108834,88.11004828338184
2027-02-09,54.02943407349127,55.761197819283225,42.027943911611054,69.45806705274624,33.02276921454034,88.39899910684619
2027-02-10,54.0613770160478,55.8133012050344,41.99557564297256,69.59381887554453,32.954237441771205,88.68760777837551
2027-02-11,54.09333884371015,55.865453276303704,41.96353865287795,69.72932696322461,32.886318443841674,88.97588558771567
2027-02-12,54.12531956764342,55.91765407858297,41.931827348917075,69.86459697839004,32.81900154228794,89.26384352445153
2027-02-15,54.15731919901938,55.969903657406576,41.900436288836744,69.99963443354162,32.7522763479143,89.55149228921464
2027-02-16,54.18933774901636,56.02220205835143,41.86936017502267,70.13444469659558,32.68613275011429,89.83884230436229
2027-02-17,54.2213752288193,56.07454932703703,41.8385938492381,70.26903299614492,32.620560906690386,90.12590372415826
2027-02-18,54.25343164961975,56.12694550912549,41.808132287605055,70.40340442647825,32.555551234143955,90.41268644448309
2027-02-19,54.28550702261591,56.179390650321615,41.77797059581442,70.53756395236972,32.49109439840955,90.69920011210007
2027-02-22,54.31760135901257,56.231884796372896,41.74810400455249,70.67151641365254,32.42718130600874,90.98545413350176
2027-02-23,54.34971467002115,56.284427993069585,41.71852786513197,70.805266529588,32.36380309560085,91.27145768335951
2027-02-24,54.381846966859705,56.337020286244694,41.689237645316595,70.93881890304087,32.30095112990879,91.55721971259797
2027-02-25,54.413998260752926,56.389661721774104,41.660228925328816,71.07217802447187,32.23861698800022,91.84274895611418
2027-02-26,54.44616856293211,56.44235234557653,41.63149739403094,71.20534827575636,32.17679245790494,92.12805394016053
2027-03-01,54.47835788463522,56.49509220361359,41.60303884527065,71.33833393383908,32.115469529550914,92.41314298940904
2027-03-02,54.510566237106886,56.54788134188987,41.5748491743824,71.47113917423266,32.05464038800241,92.69802423371345
2027-03-03,54.542793631598336,56.600719806452936,41.54692437483641,71.60376807436874,31.99429740698449,92.98270561458514
2027-03-04,54.575040079367476,56.65360764339338,41.51926053502804,71.73622461680854,31.9344331426794,93.26719489139697
2027-03-05,54.60730559167887,56.706544898844854,41.49185383520034,71.8685126923205,31.87504032778092,93.55149964732924
2027-03-08,54.63959017980373,56.75953161898413,41.46470054449293,72.00063610283127,31.816111865793864,93.83562729507054
2027-03-09,54.67189385501995,56.812567850031115,41.43779701811121,72.13259856425667,31.75764082556644,94.11958508228562
2027-03-10,54.704216628612066,56.86565363824891,41.41113969460982,72.26440370921826,31.699620436044007,94.40338009686202
2027-03-11,54.736558511871316,56.918789029943845,41.384725093284736,72.3960550896512,31.642044081233415,94.68701927194597
2027-03-12,54.76891951609559,56.97197407146553,41.35854981166891,72.52755617930875,31.584905295367744,94.970509390778
2027-03-15,54.80129965258946,57.02520880920685,41.332610523126334,72.65891037616815,31.528197758261765,95.25385709133775
2027-03-16,54.833698932664184,57.07849328960409,41.30690397453994,72.79012100474289,31.47191529084908,95.53706887080715
2027-03-17,54.86611736763771,57.13182755913686,41.281426984088895,72.9211913183053,31.416051850892348,95.82015108986053
2027-03-18,54.8985549688347,57.18521166432828,41.25617643911105,73.0521245010243,31.36060152885848,96.10310997678968
2027-03-19,54.93101174758647,57.238645651744854,41.23114929404673,73.18292367002148,31.30555854395117,96.38595163147167
2027-03-22,54.96348771523105,57.29212956799669,41.206342568459974,73.3135918773501,31.250917240293493,96.66868202918648
2027-03-23,54.995982883113165,57.34566345973736,41.181753345133835,73.4441321118997,31.19667208325368,96.95130702429168
2027-03-24,55.02849726258429,57.39924737366409,41.157378768236235,73.57454730123025,31.142817655907706,97.23383235376001
2027-03-25,55.06103086500256,57.452881356517715,41.133216041553446,73.70484031333886,31.08934865563239,97.5162636405866
2027-03-26,55.093583701732854,57.50656545508277,41.10926242678785,73.83501395836191,31.036259890823274,97.79860639707152
2027-03-29,55.126155784146746,57.56029971618746,41.08551524191754,73.9650709902156,30.983546277731776,98.08086602798282
2027-03-30,55.15874712362257,57.61408418670378,41.06197185961468,74.0950141081776,30.931202837416304,98.36304783360573
2027-03-31,55.19135773154535,57.66791891354752,41.03862970572033,74.22484595841222,30.879224692802453,98.64515701268284
2027-04-01,55.22398761930687,57.721803943678296,41.0154862577732,74.35456913544174,30.827607065847538,98.92719866524979
2027-04-02,55.256636798305614,57.775739324099604,40.99253904359004,74.48418618356605,30.77634527480497,99.20917779537129
2027-04-05,55.28930527994683,57.829725101858884,40.96978563989543,74.613699598233,30.725434731584258,99.49109931378138
2027-04-06,55.32199307564252,57.88376132404751,40.947223670998994,74.74311182736095,30.674870939202574,99.77296804043215
2027-04-07,55.354700196811415,57.937848037800876,40.924850807517984,74.87242527261661,30.624649489324103,100.05478870695477
2027-04-08,55.38742665487899,57.991985290298395,40.90266476514329,75.00164229064875,30.574766059883423,100.33656595903636
2027-04-09,55.420172461277495,58.04617312876359,40.880663303447264,75.1307651942806,30.525216412789526,100.61830435871633
2027-04-12,55.45293762744591,58.1004116004641,40.85884422473146,75.25979625366206,30.475996391707177,100.9000083866053
2027-04-13,55.48572216483002,58.154700752711726,40.8372053729128,75.38873769738365,30.427101919912417,101.18168244402985
2027-04-14,55.518526084882346,58.20904063286249,40.815744632446524,75.51759171355354,30.378528998219256,101.4633308551063
2027-04-15,55.55134939906218,58.26343128831666,40.79445992728457,75.64636045083924,30.330273702974637,101.74495786874591
2027-04-16,55.58419211883561,58.31787276651877,40.77334921986784,75.77504601947537,30.282332184119078,102.02656766059458
2027-04-19,55.61705425567546,58.37236511495774,40.75241051015109,75.90365049223882,30.234700663310267,102.30816433490963
2027-04-20,55.649935821061405,58.42690838116679,40.7316418346592,76.03217590539252,30.1873754321072,102.58975192637591
2027-04-21,55.68283682647984,58.48150261272363,40.71104126557353,76.1606242595991,30.14035285021248,102.87133440186388
2027-04-22,55.715757283424,58.53614785725039,40.69060690984722,76.2889975208057,30.093629343770573,103.15291566213153
2027-04-23,55.74869720339386,58.59084416241368,40.67033690834837,76.41729762110072,30.047201403719793,103.43449954347294
2027-04-26,55.78165659789626,58.64559157592468,40.65022943502997,76.54552645954406,30.001065584196034,103.71608981931459
2027-04-27,55.814635478444806,58.70039014553916,40.63028269612563,76.67368590297136,29.955218500986245,103.99769020176242
2027-04-28,55.847633856559895,58.75523991905749,40.61049492937011,76.8017777867735,29.90965683002979,104.27930434310066
2027-04-29,55.880651743768794,58.81014094432468,40.59086440324369,76.92980391565234,29.8643773059659,104.56093583724478
2027-04-30,55.9136891516055,58.865093269230506,40.571389416239576,77.05776606435326,29.81937672072551,104.84258822114988
2027-05-03,55.94674609161092,58.92009694170946,40.55206829615347,77.18566597837572,29.774651922165805,105.12426497617649
2027-05-04,55.979822575332705,58.97515200974082,40.53289939939438,77.31350537466244,29.730199812745994,105.40596952941517
2027-05-05,56.01291861432539,59.0302585213487,40.51388111031611,77.441285942268,29.686017348242675,105.6877052549714
2027-05-06,56.046034220150304,59.0854165246021,40.49501184056848,77.5690093430076,29.642101536503525,105.96947547521219
2027-05-07,56.07916940437565,59.14062606761494,40.47629002846771,77.69667721208675,29.598449436237768,106.25128346197599
2027-05-10,56.11232417857642,59.195887198546046,40.457714138385164,77.82429115871264,29.55505815584225,106.53313243774686
2027-05-11,56.145498554334495,59.25119996559931,40.439282660153964,77.9518527666874,29.51192485226174,106.81502557679455
2027-05-12,56.178692543238576,59.30656441702364,40.42099410849263,78.07936359498467,29.469046729882347,107.09696600628143
2027-05-13,56.211906156884226,59.36198060111301,40.402847022445386,78.20682517830924,29.42642103945682,107.37895680733739
2027-05-14,56.24513940687385,59.41744856620655,40.384839964838356,78.33423902764092,29.384045077060616,107.66100101610418
2027-05-17,56.27839230481675,59.47296836068853,40.36697152175124,78.46160663076296,29.341916183077792,107.94310162474979
2027-05-18,56.311664862329046,59.52854003298846,40.349240302003814,78.58892945277549,29.30003174121551,108.2252615824543
2027-05-19,56.34495709103374,59.58416363158108,40.33164493665687,78.71620893659468,29.258389177546306,108.50748379636794
2027-05-20,56.37826900256073,59.63983920498643,40.314184078527056,78.84344650343799,29.21698595957715,108.78977113254228
2027-05-21,56.41160060854675,59.69556680176988,40.29685640171508,78.97064355329593,29.175819595344358,109.07212641683573
2027-05-24,56.44495192063546,59.7513464705422,40.27966060114696,79.09780146539086,29.134887632533527,109.35455243579382
2027-05-25,56.47832295047735,59.807178259959585,40.26259539212779,79.22492159862333,29.09418765762366,109.6370519375055
2027-05-26,56.511713709729854,59.863062218723655,40.24565950990763,79.35200529200615,29.05371729505463,109.91962763243593
2027-05-27,56.54512421005724,59.91899839558158,40.228851709259146,79.47905386508691,29.01347420641723,110.2022821942368
2027-05-28,56.57855446313072,59.97498683932606,40.212170764066585,79.6060686183589,28.973456089665138,110.48501826053457
2027-05-31,56.6120044806284,60.03102759879537,40.19561546692571,79.73305083366131,28.933660678347998,110.76783843369792
2027-06-01,56.645474274235255,60.08712072287346,40.179184628754406,79.86000177456864,28.894085740864913,111.05074528158437
2027-06-02,56.678963855643204,60.14326626048992,40.16287707841354,79.98692268676996,28.85472907973781,111.3337413382673
2027-06-03,56.71247323655106,60.199464260620076,40.14669166233773,80.11381479843801,28.815588530903913,111.61682910474393
2027-06-04,56.746002428664575,60.25571477228503,40.13062724417587,80.24067932058892,28.77666196302683,111.90001104962431
2027-06-07,56.779551443696384,60.31201784455167,40.11468270444083,80.36751744743242,28.737947276825512,112.18328960980294
2027-06-08,56.813120293366076,60.36837352653273,40.09885694016833,80.49433035671302,28.699442404420726,112.4666671911124
2027-06-09,56.84670898940017,60.424781867386855,40.083148864584516,80.62111921004255,28.66114530869826,112.75014616896068
2027-06-10,56.8803175435321,60.4812429163186,40.06755740678197,80.74788515322413,28.623053982688553,113.03372888895164
2027-06-11,56.913945967502244,60.537756722578514,40.052081511404076,80.87462931656786,28.585166448962106,113.31741766749015
2027-06-14,56.94759427305793,60.59432333546316,40.03672013833718,81.00135281519871,28.54748075904023,113.60121479237147
2027-06-15,56.98126247195342,60.650942804315164,40.02147226241063,81.12805674935652,28.50999499282062,113.8851225233562
2027-06-16,57.01495057594994,60.70761517852325,40.00633687310426,81.2547422046886,28.472707258017454,114.16914309273027
2027-06-17,57.04865859681564,60.76434050752232,39.99131297426304,81.38141025253502,28.43561568961531,114.45327870585157
2027-06-18,57.08238654632566,60.821118840793424,39.976399583818946,81.50806195020691,28.398718449336773,114.73753154168256
2027-06-21,57.11613443626207,60.87795022786389,39.96159573351953,81.63469834125783,28.362013725123088,115.0219037533099
2027-06-22,57.14990227841395,60.93483471830729,39.946900468663166,81.76132045574862,28.325499730627623,115.30639746845148
2027-06-23,57.18369008457731,60.991772361743536,39.93231284784077,81.88792931050575,28.289174704721702,115.59101478995068
2027-06-24,57.217497866555135,61.048763207838896,39.91783194268366,82.01452590937339,28.253036911012412,115.87575779625908
2027-06-25,57.251325636157425,61.10580730630606,39.90345683761763,82.14111124345956,28.21708463737209,116.16062854190726
2027-06-28,57.28517340520112,61.16290470690417,39.88918662962277,82.26768629137617,28.181316195479138,116.44562905796421
2027-06-29,57.31904118551018,61.22005545943884,39.87502042799909,82.39425201947353,28.145729920369813,116.73076135248597
2027-06-30,57.35292898891552,61.277259613762226,39.86095735413765,82.5208093820693,28.110324170000652,117.01602741095355
2027-07-01,57.38683682725509,61.334517219773105,39.84699654129713,82.64735932167189,28.075097324821336,117.30142919670033
2027-07-02,57.420764712373796,61.39182832741683,39.83313713438555,82.77390276919878,28.040047787357526,117.58696865132951
2027-07-05,57.45471265612358,61.44919298668545,39.81937828974723,82.90044064418971,28.00517398180358,117.87264769512188
2027-07-06,57.48868067036339,61.506611247617734,39.805719174954504,83.0269738550149,27.970474353624642,118.1584682274339
2027-07-07,57.52266876695914,61.564083160299184,39.792158968604376,83.15350329907842,27.93594736916811,118.44443212708666
2027-07-08,57.55667695778385,61.621608774862096,39.77869686011988,83.28002986301703,27.90159151528397,118.7305412527458
2027-07-09,57.590705254717456,61.679188141485646,39.7653320495558,83.40655442289433,27.867405298953894,119.0167974432928
2027-07-12,57.624753669646985,61.73682131039587,39.75206374740902,83.53307784439055,27.83338724692882,119.30320251818775
2027-07-13,57.65882221446647,61.79450833186575,39.73889117443299,83.6596009829881,27.79953590537476,119.58975827782378
2027-07-14,57.692910901076964,61.85224925621524,39.72581356145653,83.7861246841528,27.765849839526684,119.8764665038736
2027-07-15,57.7270197413866,61.91004413381128,39.71283014920657,83.91264978351124,27.732327633350113,120.16332895962822
2027-07-16,57.76114874731049,61.96789301506793,39.69994018813488,84.03917710702403,27.69896788921038,120.45034739032793
2027-07-19,57.79529793077085,62.02579595044633,39.68714293824872,84.16570747115522,27.66576922754924,120.73752352348613
2027-07-20,57.829467303696894,62.083752990454755,39.67443766894508,84.29224168303807,27.632730286568652,121.02485906920587
2027-07-21,57.863656878024926,62.1417641856487,39.66182365884875,84.41878054063712,27.599849721921604,121.3123557204893
2027-07-22,57.89786666569828,62.199829586630884,39.64930019565376,84.54532483290666,27.567126206409636,121.60001515354055
2027-07-23,57.93209667866738,62.25794924405132,39.63686657596841,84.67187533994586,27.53455842968714,121.88783902806162
2027-07-26,57.96634692888967,62.316123208607344,39.62452210516354,84.7984328331505,27.502145097971955,122.17582898754236
2027-07-27,58.000617428329726,62.37435153104366,39.6122660972242,84.92499807536133,27.46988493376232,122.46398665954358
2027-07-28,58.034908188959136,62.432634262152376,39.60009787460441,85.05157182100936,27.437776675559935,122.75231365597458
2027-07-29,58.0692192227566,62.490971452773096,39.588016768085026,85.17815481625804,27.40581907759897,123.04081157336421
2027-07-30,58.103550541707904,62.549363153792896,39.57602211663472,85.30474779914238,27.374010909580846,123.3294819931267
2027-08-02,58.137902157805904,62.60780941614643,39.56411326727379,85.43135149970509,27.3423509564147,123.61832648182137
2027-08-03,58.172274083050546,62.6663102908159,39.55228957494094,85.55796664012988,27.310838017963327,123.9073465914069
2027-08-04,58.20666632944888,62.72486582883119,39.540550402362776,85.68459393487208,27.279470908794515,124.19654385949067
2027-08-05,58.24107890901504,62.78347608126986,39.528895119926084,85.81123409078629,27.248248457937567,124.48591980957227
2027-08-06,58.27551183377029,62.84214109925718,39.517323105552734,85.93788780725158,27.217169508644943,124.77547595128232
2027-08-09,58.309965115742976,62.90086093396618,39.505833744577195,86.06455577629404,27.186232918158854,125.06521378061622
2027-08-10,58.34443876696857,62.95963563661775,39.494426429626564,86.19123868270678,27.155437557482717,125.35513478016298
2027-08-11,58.37893279948965,63.01846525848061,39.48310056050303,86.31793720416742,27.124782311157247,125.64524041932951
2027-08-12,58.413447225355924,63.077349850871386,39.471855544068845,86.4446520113534,27.094266077041294,125.93553215456014
2027-08-13,58.4479820566242,63.13628946515466,39.46069079413344,86.57138376805459,27.06388776609701,126.22601142955166
2027-08-16,58.48253730535845,63.19528415274302,39.44960573134305,86.69813313128397,27.033646302179527,126.51667967546416
2027-08-17,58.517112983629744,63.25433396509707,39.438599783072384,86.82490075138591,27.003540621830762,126.80753831112743
2027-08-18,58.55170910351632,63.31343895372551,39.42767238331861,86.9516872721422,26.973569674077524,127.09858874324325
2027-08-19,58.586325677103545,63.37259917018519,39.41682297259733,87.07849333087613,26.94373242023359,127.38983236658363
2027-08-20,58.6209627164839,63.43181466608111,39.40605099784074,87.20531955855446,26.914027833705763,127.68127056418516
2027-08-23,58.65562023375707,63.491085493066485,39.39535591229773,87.33216657988726,26.884454899803824,127.97290470753926
2027-08-24,58.69029824102986,63.550411702842815,39.38473717543599,87.45903501342588,26.855012615554212,128.26473615677895
2027-08-25,58.724996750416224,63.60979334715989,39.37419425284601,87.58592547165901,26.82569998951744,128.55676626086176
2027-08-26,58.759715774037296,63.669230477815894,39.36372661614704,87.7128385611068,26.796516041609024,128.84899635774912
2027-08-27,58.7944553240214,63.728723146657366,39.353333742894755,87.83977488241314,26.767459802924062,129.1414277745821
2027-08-30,58.82921541250398,63.788271405579316,39.34301511649082,87.96673503043624,26.738530315565043,129.434061827854
2027-08-31,58.863996051627666,63.84787530652522,39.33277022609414,88.09371959433734,26.70972663247319,129.7268998235793
2027-09-01,58.8987972535423,63.907534901487125,39.32259856653386,88.22072915766788,26.681047817262947,130.0199430574595
2027-09-02,58.93361903040489,63.967250242505635,39.312499638224004,88.34776429845473,26.652492944059713,130.31319281504582
2027-09-03,58.96846139437961,64.02702138167,39.302472947079735,88.47482558928417,26.624061097340658,130.60665037189864
2027-09-06,59.00332435763786,64.0868483711181,39.29251800443524,88.60191359738388,26.59575137177862,130.9003169937439
2027-09-07,59.03820793235821,64.14673126303659,39.282634326963134,88.72902888470368,26.567562872088942,131.19419393662687
2027-09-08,59.073112130726436,64.20667010966085,39.27282143659542,88.85617200799456,26.539494712879215,131.4882824470623
2027-09-09,59.108036964935515,64.26666496327509,39.263078860445894,88.98334351888641,26.511546018501903,131.78258376218253
2027-09-10,59.142982447185666,64.32671587621235,39.25340613073403,89.11054396396408,26.483715922909656,132.07709910988248
2027-09-13,59.17794858968426,64.3868229008546,39.24380278471026,89.23777388484218,26.456003569513456,132.37182970896154
2027-09-14,59.21293540464596,64.44698608963272,39.234268364582675,89.36503381823847,26.428408111043268,132.66677676926366
2027-09-15,59.24794290429257,64.50720549502662,39.22480241744503,89.49232429604581,26.4009287094114,132.96194149181403
2027-09-16,59.282971100853175,64.56748116956524,39.2154044952061,89.61964584540291,26.373564535578332,133.25732506895378
2027-09-17,59.318020006564076,64.62781316582655,39.206074154520365,89.74699898876375,26.346314769421024,133.55292868447194
2027-09-20,59.353089633668816,64.68820153643773,39.196810956719894,89.8743842439656,26.319178599603696,133.84875351373503
2027-09-21,59.388179994418145,64.74864633407509,39.18761446774749,90.00180212429598,26.29215522345084,134.14480072381434
