"Data","Último","Abertura","Máxima","Mínima","Vol.","Var%"
"06.05.2025","28,90","29,12","29,20","28,80","20,07M","-0,76%"
"05.05.2025","29,12","29,16","29,45","29,01","19,45M","0,76%"
"02.05.2025","28,90","28,90","29,05","28,73","12,29M","-0,10%"
"30.04.2025","28,93","28,41","28,93","28,36","15,87M","1,51%"
"29.04.2025","28,50","28,37","28,72","28,23","15,85M","0,53%"
"28.04.2025","28,35","28,01","28,41","27,85","14,13M","1,21%"
"25.04.2025","28,01","27,70","28,12","27,52","17,87M","1,12%"
"24.04.2025","27,70","28,04","28,06","27,04","37,00M","-1,21%"
"23.04.2025","28,04","27,99","28,22","27,86","13,79M","0,94%"
"22.04.2025","27,78","27,40","27,92","27,35","14,21M","1,28%"
"17.04.2025","27,43","27,68","27,78","27,30","17,29M","-0,80%"
"16.04.2025","27,65","27,78","27,89","27,38","21,74M","-0,43%"
"15.04.2025","27,77","28,03","28,12","27,70","25,43M","-1,07%"
"14.04.2025","28,07","27,97","28,21","27,87","13,38M","0,97%"
"11.04.2025","27,80","27,73","27,90","27,42","14,74M","0,87%"
"10.04.2025","27,56","27,71","27,72","27,14","18,61M","-0,68%"
"09.04.2025","27,75","27,50","28,10","27,09","28,74M","0,43%"
"08.04.2025","27,63","28,03","28,21","27,40","21,86M","-0,18%"
"07.04.2025","27,68","27,88","28,27","27,36","20,52M","-1,07%"
"04.04.2025","27,98","28,20","28,33","27,78","15,60M","-1,86%"
"03.04.2025","28,51","28,26","28,69","28,22","14,79M","0,56%"
"02.04.2025","28,35","28,40","28,55","28,12","9,03M","0,07%"
"01.04.2025","28,33","28,17","28,58","28,01","14,17M","0,50%"
"31.03.2025","28,19","28,50","28,51","27,95","17,64M","-1,57%"
"28.03.2025","28,64","28,69","28,98","28,53","12,42M","-0,17%"
"27.03.2025","28,69","28,82","28,85","28,48","14,39M","-0,42%"
"26.03.2025","28,81","28,50","28,87","28,37","11,88M","1,19%"
"25.03.2025","28,47","28,36","28,75","28,35","15,26M","0,39%"
"24.03.2025","28,36","28,44","28,44","28,09","13,46M","-0,04%"
"21.03.2025","28,37","28,35","28,48","28,07","66,91M","0,42%"
"20.03.2025","28,25","28,36","28,48","28,11","13,99M","-0,49%"
"19.03.2025","28,39","28,51","28,74","28,39","18,92M","-0,39%"
"18.03.2025","28,50","28,46","28,65","28,36","16,78M","0,14%"
"17.03.2025","28,46","27,87","28,56","27,84","19,65M","2,08%"
"14.03.2025","27,88","27,53","28,09","27,53","22,84M","1,42%"
"13.03.2025","27,49","27,05","27,62","26,74","18,33M","1,63%"
"12.03.2025","27,05","27,10","27,20","26,95","15,03M","-0,16%"
"11.03.2025","27,09","27,37","27,43","26,89","20,02M","-0,89%"
"10.03.2025","27,34","27,33","27,37","27,01","14,41M","-0,32%"
"07.03.2025","27,42","27,00","27,61","26,88","16,83M","1,19%"
"06.03.2025","27,10","27,29","27,32","26,86","17,82M","-0,14%"
"05.03.2025","27,14","26,69","27,31","26,63","18,08M","-0,62%"
"28.02.2025","27,31","27,95","28,02","27,20","28,25M","-2,32%"
"27.02.2025","27,96","28,03","28,27","27,87","31,09M","-0,39%"
"26.02.2025","28,07","28,48","28,50","27,93","22,48M","-0,57%"
"25.02.2025","28,23","27,82","28,33","27,82","16,90M","1,51%"
"24.02.2025","27,81","28,00","28,22","27,63","28,01M","-0,61%"
"21.02.2025","27,98","28,00","28,05","27,64","20,08M","-0,07%"
"20.02.2025","28,00","28,10","28,31","27,79","88,97M","-2,98%"
"19.02.2025","28,86","29,28","29,29","28,66","22,82M","-2,00%"
"18.02.2025","29,45","29,02","29,63","29,00","27,34M","0,99%"
"17.02.2025","29,16","28,74","29,50","28,71","21,15M","1,43%"
"14.02.2025","28,75","27,56","28,98","27,56","35,29M","4,74%"
"13.02.2025","27,45","27,59","27,59","27,28","19,00M","-0,54%"
"12.02.2025","27,60","27,65","27,98","27,50","18,06M","-1,64%"
"11.02.2025","28,06","27,86","28,22","27,86","18,49M","0,86%"
"10.02.2025","27,82","27,88","28,10","27,80","10,94M","0,14%"
"07.02.2025","27,78","28,15","28,28","27,67","15,27M","-1,31%"
"06.02.2025","28,15","27,83","28,19","27,58","13,96M","1,15%"
"05.02.2025","27,83","27,82","28,12","27,59","13,66M","0,22%"
"04.02.2025","27,77","27,58","28,08","27,47","16,15M","0,58%"
"03.02.2025","27,61","27,60","27,72","27,36","13,29M","-0,25%"
"31.01.2025","27,68","27,74","28,00","27,66","19,67M","0,14%"
"30.01.2025","27,64","27,37","27,94","27,28","22,31M","0,73%"
"29.01.2025","27,44","27,60","27,75","27,35","11,59M","-0,33%"
"28.01.2025","27,53","27,69","27,70","27,32","13,02M","-0,65%"
"27.01.2025","27,71","26,57","27,71","26,55","21,72M","4,09%"
"24.01.2025","26,62","26,71","26,85","26,51","9,08M","-0,37%"
"23.01.2025","26,72","26,24","27,07","26,24","30,07M","2,26%"
"22.01.2025","26,13","25,58","26,28","25,57","19,24M","1,83%"
"21.01.2025","25,66","25,45","25,75","25,45","10,68M","0,90%"
"20.01.2025","25,43","25,35","25,60","25,26","10,50M","0,32%"
"17.01.2025","25,35","25,44","25,49","25,19","13,15M","-0,12%"
"16.01.2025","25,38","25,28","25,46","25,11","13,59M","0,44%"
"15.01.2025","25,27","24,91","25,37","24,75","19,63M","2,52%"
"14.01.2025","24,65","24,25","24,67","24,17","18,05M","1,82%"
"13.01.2025","24,21","24,21","24,43","24,16","9,94M","0,00%"
"10.01.2025","24,21","24,25","24,44","24,13","17,14M","-0,25%"
"09.01.2025","24,27","24,16","24,27","23,99","8,29M","0,46%"
"08.01.2025","24,16","24,23","24,27","23,95","16,42M","-0,37%"
"07.01.2025","24,25","24,14","24,38","24,02","15,72M","1,21%"
"06.01.2025","23,96","23,98","24,05","23,81","12,11M","0,93%"
"03.01.2025","23,74","23,92","24,06","23,68","13,77M","-0,75%"
"02.01.2025","23,92","24,17","24,28","23,84","14,49M","-1,03%"
"30.12.2024","24,17","24,10","24,33","24,09","27,15M","0,25%"
"27.12.2024","24,11","24,34","24,37","24,11","10,46M","-0,37%"
"26.12.2024","24,20","23,95","24,40","23,93","15,21M","1,17%"
"23.12.2024","23,92","24,07","24,13","23,88","12,71M","-0,66%"
"20.12.2024","24,08","23,92","24,14","23,87","49,16M","0,80%"
"19.12.2024","23,89","23,81","24,05","23,75","16,31M","0,63%"
"18.12.2024","23,74","24,40","24,40","23,73","29,43M","-2,78%"
"17.12.2024","24,42","24,25","24,49","24,01","27,70M","1,08%"
"16.12.2024","24,16","24,52","24,60","24,13","16,06M","-1,43%"
"13.12.2024","24,51","24,85","24,99","24,50","17,21M","-1,37%"
"12.12.2024","24,85","25,05","25,09","24,59","19,82M","-1,32%"
"11.12.2024","25,18","24,73","25,47","24,50","29,09M","2,13%"
"10.12.2024","24,66","24,61","24,75","24,35","15,27M","0,65%"
"09.12.2024","24,50","24,67","24,72","24,25","17,77M","-0,24%"
"06.12.2024","24,56","25,07","25,17","24,33","33,65M","-2,94%"
"05.12.2024","25,30","25,21","25,42","25,09","18,24M","1,23%"
"04.12.2024","24,99","24,72","25,15","24,63","19,38M","1,21%"
"03.12.2024","24,70","24,54","24,73","24,48","22,18M","1,22%"
"02.12.2024","24,40","24,63","24,75","24,29","21,49M","-0,81%"
"29.11.2024","24,60","24,35","24,67","24,15","22,57M","1,18%"
"28.11.2024","24,31","25,01","25,03","24,24","26,98M","-2,93%"
"27.11.2024","25,04","25,53","25,60","24,94","20,88M","-1,75%"
"26.11.2024","25,49","25,18","25,60","25,03","22,04M","1,60%"
"25.11.2024","25,09","25,13","25,18","24,94","36,58M","0,59%"
"22.11.2024","24,94","24,81","24,94","24,57","13,70M","1,35%"
"21.11.2024","24,61","25,14","25,19","24,58","31,59M","-2,28%"
"19.11.2024","25,19","25,11","25,29","24,98","29,34M","0,54%"
"18.11.2024","25,05","24,73","25,15","24,69","23,39M","1,34%"
"14.11.2024","24,72","25,12","25,13","24,16","80,78M","-2,24%"
"13.11.2024","25,29","25,32","25,40","25,22","27,20M","0,00%"
"12.11.2024","25,29","25,34","25,42","25,14","15,39M","-0,23%"
"11.11.2024","25,34","25,43","25,43","25,29","10,52M","0,08%"
"08.11.2024","25,32","25,43","25,46","25,24","15,87M","-0,76%"
"07.11.2024","25,52","25,63","25,96","25,46","11,67M","-0,42%"
"06.11.2024","25,63","25,43","25,69","25,28","12,45M","0,19%"
"05.11.2024","25,58","25,60","25,62","25,39","14,05M","0,04%"
"04.11.2024","25,57","25,60","25,74","25,48","12,17M","0,57%"
"01.11.2024","25,42","25,68","25,72","25,34","15,18M","-0,91%"
"31.10.2024","25,66","25,66","25,78","25,56","11,14M","-0,15%"
"30.10.2024","25,69","25,51","25,71","25,42","14,36M","0,76%"
"29.10.2024","25,50","25,69","25,77","25,48","13,39M","-0,57%"
"28.10.2024","25,65","25,82","25,87","25,52","18,15M","-0,19%"
"25.10.2024","25,69","25,69","25,82","25,58","7,79M","0,04%"
"24.10.2024","25,69","25,73","25,78","25,58","8,71M","0,11%"
"23.10.2024","25,66","25,63","25,76","25,49","12,10M","0,11%"
"22.10.2024","25,63","25,87","25,92","25,60","27,35M","-1,20%"
"21.10.2024","25,94","26,01","26,27","25,86","25,11M","-0,26%"
"18.10.2024","26,01","26,08","26,28","25,95","15,73M","-0,11%"
"17.10.2024","26,04","26,00","26,14","25,82","12,38M","-0,15%"
"16.10.2024","26,08","25,82","26,26","25,69","25,97M","1,10%"
"15.10.2024","25,79","25,99","26,06","25,74","14,34M","-0,19%"
"14.10.2024","25,84","25,73","25,90","25,61","11,90M","0,72%"
"11.10.2024","25,66","25,61","25,78","25,50","12,17M","0,50%"
"10.10.2024","25,53","25,96","25,96","25,52","20,43M","-0,87%"
"09.10.2024","25,75","26,11","26,22","25,68","19,47M","-2,04%"
"08.10.2024","26,29","26,21","26,30","26,09","11,70M","-0,04%"
"07.10.2024","26,30","26,36","26,43","26,14","9,55M","0,48%"
"04.10.2024","26,17","26,31","26,35","26,08","11,89M","-0,15%"
"03.10.2024","26,21","26,42","26,43","26,07","19,06M","-0,92%"
"02.10.2024","26,46","26,60","26,82","26,46","12,63M","0,26%"
"01.10.2024","26,39","26,41","26,55","26,19","19,23M","-0,37%"
"30.09.2024","26,48","26,61","26,78","26,48","14,74M","-0,26%"
"27.09.2024","26,55","26,78","26,91","26,50","14,84M","-0,84%"
"26.09.2024","26,78","26,75","26,95","26,58","13,09M","0,66%"
"25.09.2024","26,60","26,80","26,85","26,51","13,81M","-0,29%"
"24.09.2024","26,68","26,99","27,21","26,67","15,20M","-0,07%"
"23.09.2024","26,70","26,80","26,84","26,57","12,33M","-0,36%"
"20.09.2024","26,80","27,19","27,23","26,76","24,32M","-1,47%"
"19.09.2024","27,20","27,63","27,71","27,20","14,85M","-1,20%"
"18.09.2024","27,53","27,55","27,81","27,42","8,58M","-0,49%"
"17.09.2024","27,66","27,84","27,88","27,53","7,94M","-0,63%"
"16.09.2024","27,84","27,77","27,97","27,66","8,93M","0,53%"
"13.09.2024","27,69","27,58","27,90","27,53","9,23M","0,67%"
"12.09.2024","27,51","27,67","27,72","27,30","9,87M","-1,03%"
"11.09.2024","27,79","27,98","28,05","27,75","9,85M","0,03%"
"10.09.2024","27,78","28,15","28,21","27,62","17,68M","-1,48%"
"09.09.2024","28,20","27,94","28,20","27,79","14,39M","1,25%"
"06.09.2024","27,85","28,31","28,35","27,84","9,63M","-1,64%"
"05.09.2024","28,32","28,13","28,34","27,98","8,41M","0,90%"
"04.09.2024","28,06","27,83","28,26","27,80","15,49M","1,08%"
"03.09.2024","27,76","27,53","27,85","27,47","14,36M","0,91%"
"02.09.2024","27,51","27,47","27,63","27,25","11,86M","1,07%"
"30.08.2024","27,22","27,30","27,37","27,09","31,76M","-0,64%"
"29.08.2024","27,40","27,20","27,65","27,13","13,68M","0,43%"
"28.08.2024","27,28","27,11","27,30","27,00","9,40M","0,61%"
"27.08.2024","27,12","27,47","27,47","27,12","8,24M","-1,13%"
"26.08.2024","27,43","27,32","27,54","27,20","9,30M","0,39%"
"23.08.2024","27,32","27,25","27,58","27,24","12,03M","0,75%"
"22.08.2024","27,12","27,70","27,70","26,98","15,89M","-2,28%"
"21.08.2024","27,75","27,92","27,95","27,69","21,83M","-0,44%"
"20.08.2024","27,87","27,79","27,91","27,67","16,12M","0,45%"
"19.08.2024","27,75","27,05","27,79","26,97","19,93M","2,68%"
"16.08.2024","27,02","26,96","27,22","26,91","18,52M","0,78%"
"15.08.2024","26,81","26,66","27,09","26,61","11,58M","0,79%"
"14.08.2024","26,61","26,17","26,81","26,10","19,35M","1,67%"
"13.08.2024","26,17","25,91","26,22","25,84","12,93M","1,29%"
"12.08.2024","25,83","25,36","25,83","25,29","15,36M","2,15%"
"09.08.2024","25,29","25,05","25,37","25,01","12,96M","1,37%"
"08.08.2024","24,95","24,92","25,12","24,19","33,77M","-0,42%"
"07.08.2024","25,05","25,58","25,67","24,95","18,78M","-1,31%"
"06.08.2024","25,39","25,15","25,54","25,09","14,77M","1,72%"
"05.08.2024","24,96","24,77","25,08","24,39","20,22M","0,15%"
"02.08.2024","24,92","25,24","25,33","24,82","20,15M","-0,80%"
"01.08.2024","25,12","25,39","25,45","24,98","22,71M","-0,68%"
"31.07.2024","25,29","25,72","25,77","25,25","17,74M","-1,48%"
"30.07.2024","25,67","25,87","25,90","25,59","10,12M","-0,77%"
"29.07.2024","25,87","25,92","25,92","25,66","18,32M","0,15%"
"26.07.2024","25,83","25,61","25,87","25,45","10,53M","0,86%"
"25.07.2024","25,61","25,57","25,77","25,45","11,88M","0,07%"
"24.07.2024","25,60","25,77","25,80","25,54","9,71M","-0,41%"
"23.07.2024","25,70","25,86","25,93","25,65","10,93M","-0,59%"
"22.07.2024","25,85","25,88","26,01","25,74","11,54M","0,11%"
"19.07.2024","25,82","25,90","26,13","25,71","14,07M","-0,29%"
"18.07.2024","25,90","26,04","26,32","25,85","10,71M","-0,44%"
"17.07.2024","26,01","25,86","26,09","25,69","9,57M","1,00%"
"16.07.2024","25,76","25,71","25,85","25,63","11,08M","0,33%"
"15.07.2024","25,67","25,58","25,71","25,42","11,49M","0,45%"
"12.07.2024","25,56","25,31","25,56","25,15","15,22M","1,32%"
"11.07.2024","25,22","25,37","25,57","25,07","18,89M","-0,49%"
"10.07.2024","25,35","25,07","25,36","25,00","20,15M","1,56%"
"09.07.2024","24,96","25,03","25,03","24,76","18,00M","-0,34%"
"08.07.2024","25,04","25,42","25,42","24,95","19,69M","-1,65%"
"05.07.2024","25,46","25,58","25,60","25,27","11,95M","-0,45%"
"04.07.2024","25,58","25,62","25,69","25,35","10,49M","0,52%"
"03.07.2024","25,44","25,29","25,61","25,22","14,41M","0,98%"
"02.07.2024","25,20","25,17","25,30","25,13","16,04M","0,34%"
"01.07.2024","25,11","25,47","25,53","25,07","20,41M","-1,31%"
"28.06.2024","25,44","25,43","25,47","25,21","15,55M","0,04%"
"27.06.2024","25,43","25,52","25,55","25,16","17,24M","-0,04%"
"26.06.2024","25,44","25,62","25,62","25,21","15,07M","-0,67%"
"25.06.2024","25,61","25,54","25,67","25,39","10,72M","0,30%"
"24.06.2024","25,54","25,35","25,76","25,24","13,22M","0,75%"
"21.06.2024","25,35","25,15","25,36","25,03","34,32M","0,83%"
"20.06.2024","25,14","25,13","25,37","25,02","16,43M","0,46%"
"19.06.2024","25,02","24,85","25,09","24,80","12,06M","0,73%"
"18.06.2024","24,84","25,13","25,20","24,82","22,45M","-1,40%"
"17.06.2024","25,20","25,20","25,22","24,98","10,15M","0,00%"
"14.06.2024","25,20","25,29","25,40","25,06","11,11M","-0,25%"
"13.06.2024","25,26","25,16","25,33","25,06","13,49M","0,68%"
"12.06.2024","25,09","25,81","25,81","25,01","19,07M","-1,89%"
"11.06.2024","25,57","25,43","25,66","25,33","10,98M","1,10%"
"10.06.2024","25,29","25,33","25,42","25,19","12,66M","0,11%"
"07.06.2024","25,27","25,56","25,73","25,17","13,62M","-1,70%"
"06.06.2024","25,70","25,38","25,77","25,28","13,66M","1,32%"
"05.06.2024","25,37","25,33","25,47","25,24","14,01M","0,22%"
"04.06.2024","25,31","25,24","25,33","25,08","18,25M","0,29%"
"03.06.2024","25,24","25,27","25,46","25,16","27,62M","0,11%"
"31.05.2024","25,21","25,45","25,56","25,21","19,08M","-0,73%"
"29.05.2024","25,40","25,53","25,53","25,21","25,61M","0,00%"
"28.05.2024","25,40","25,61","25,67","25,37","35,23M","-0,33%"
"27.05.2024","25,48","25,23","25,53","25,17","31,27M","-5,63%"
"25.05.2024","27,00","27,00","27,00","27,00","","7,26%"
"24.05.2024","25,17","25,11","25,23","24,91","13,90M","0,52%"
"23.05.2024","25,04","25,56","25,62","24,89","25,50M","-2,04%"
"22.05.2024","25,56","25,86","25,95","25,48","15,79M","-1,43%"
"21.05.2024","25,93","25,98","26,15","25,92","9,98M","-0,07%"
"20.05.2024","25,95","25,70","26,07","25,67","16,49M","0,83%"
"17.05.2024","25,74","25,75","25,86","25,60","16,92M","0,04%"
"16.05.2024","25,73","25,89","25,99","25,70","9,80M","0,11%"
"15.05.2024","25,70","25,80","25,83","25,45","20,26M","-1,29%"
"14.05.2024","26,04","25,91","26,09","25,87","13,17M","0,65%"
"13.05.2024","25,87","25,70","26,00","25,70","14,21M","0,76%"
"10.05.2024","25,67","25,42","25,80","25,42","23,62M","1,77%"
"09.05.2024","25,23","26,27","26,30","25,14","56,46M","-4,37%"
"08.05.2024","26,38","26,28","26,51","26,04","13,91M","0,32%"
"07.05.2024","26,30","26,47","26,64","26,30","12,55M","-0,32%"
"06.05.2024","26,38","26,31","26,44","26,18","9,97M","0,57%"
"03.05.2024","26,23","26,05","26,36","25,93","17,29M","1,84%"
"02.05.2024","25,76","25,60","25,82","25,45","14,57M","1,06%"
"30.04.2024","25,49","25,56","25,79","25,49","12,20M","-0,47%"
"29.04.2024","25,61","25,63","25,71","25,45","8,64M","0,00%"
"26.04.2024","25,61","25,57","25,75","25,51","12,56M","0,62%"
"25.04.2024","25,45","25,60","25,70","25,31","11,27M","-0,44%"
"24.04.2024","25,56","25,66","25,72","25,45","11,00M","-0,36%"
"23.04.2024","25,66","25,44","25,78","25,11","21,71M","0,77%"
"22.04.2024","25,46","25,84","26,07","25,32","21,22M","-1,15%"
"19.04.2024","25,76","26,05","26,05","25,71","18,31M","-0,79%"
"18.04.2024","25,96","26,17","26,24","25,75","15,33M","-0,14%"
"17.04.2024","26,00","26,03","26,19","25,82","17,66M","0,21%"
"16.04.2024","25,94","26,24","26,40","25,60","22,86M","-1,13%"
"15.04.2024","26,24","26,61","26,65","26,13","14,35M","-0,93%"
"12.04.2024","26,49","26,84","26,89","26,41","11,28M","-1,30%"
"11.04.2024","26,84","26,72","26,99","26,65","12,41M","0,24%"
"10.04.2024","26,77","27,12","27,19","26,65","14,10M","-1,35%"
"09.04.2024","27,14","27,07","27,31","27,04","9,32M","0,85%"
"08.04.2024","26,91","26,72","27,35","26,61","19,65M","1,56%"
"05.04.2024","26,50","26,45","26,53","26,24","12,79M","0,42%"
"04.04.2024","26,39","26,28","26,93","26,28","23,33M","0,67%"
"03.04.2024","26,21","26,07","26,32","25,86","14,59M","0,39%"
"02.04.2024","26,11","26,05","26,19","25,92","10,49M","0,16%"
"01.04.2024","26,06","26,35","26,46","25,89","10,86M","-0,95%"
"28.03.2024","26,32","25,92","26,44","25,86","17,04M","1,16%"
"27.03.2024","26,01","26,11","26,14","25,72","15,87M","0,07%"
"26.03.2024","25,99","25,88","26,23","25,80","15,47M","0,54%"
"25.03.2024","25,86","25,76","26,09","25,69","12,88M","0,40%"
"22.03.2024","25,75","25,87","26,02","25,68","13,13M","-0,41%"
"21.03.2024","25,86","26,31","26,49","25,78","17,70M","-1,40%"
"20.03.2024","26,23","25,95","26,26","25,75","17,66M","1,07%"
"19.03.2024","25,95","26,14","26,23","25,62","20,21M","-0,36%"
"18.03.2024","26,04","26,63","26,85","25,94","22,57M","-2,20%"
"15.03.2024","26,63","26,41","26,73","26,39","28,30M","1,02%"
"14.03.2024","26,36","26,47","26,65","26,30","20,68M","-0,44%"
"13.03.2024","26,47","26,73","26,84","26,44","20,37M","-1,11%"
"12.03.2024","26,77","26,50","27,01","26,32","22,71M","1,37%"
"11.03.2024","26,41","26,63","26,63","26,26","25,12M","-1,00%"
"08.03.2024","26,68","26,31","26,84","25,85","40,00M","-0,98%"
"07.03.2024","26,94","27,20","27,28","26,88","14,86M","-0,95%"
"06.03.2024","27,20","26,87","27,23","26,81","12,48M","1,48%"
"05.03.2024","26,80","26,67","26,93","26,62","9,41M","0,69%"
"04.03.2024","26,62","26,77","26,86","26,52","12,99M","-0,41%"
"01.03.2024","26,73","26,74","26,93","26,69","10,25M","0,10%"
"29.02.2024","26,70","27,11","27,19","26,63","20,42M","-1,51%"
"28.02.2024","27,11","27,03","27,29","26,95","12,34M","0,20%"
"27.02.2024","27,05","26,85","27,11","26,76","13,96M","1,21%"
"26.02.2024","26,73","26,49","26,85","26,42","13,44M","0,96%"
"23.02.2024","26,48","26,82","26,88","26,37","20,54M","-1,24%"
"22.02.2024","26,81","27,08","27,11","26,73","19,80M","-0,86%"
"21.02.2024","27,04","26,99","27,11","26,87","45,83M","0,24%"
"20.02.2024","26,98","26,78","27,26","26,72","36,83M","0,64%"
"19.02.2024","26,81","26,35","26,87","26,21","18,26M","1,81%"
"16.02.2024","26,33","26,65","26,75","26,12","18,98M","-0,84%"
"15.02.2024","26,55","26,55","26,66","26,39","16,02M","0,00%"
"14.02.2024","26,55","26,10","26,56","25,97","17,20M","1,35%"
"09.02.2024","26,19","26,62","26,65","25,16","48,13M","-1,66%"
"08.02.2024","26,63","27,05","27,18","26,51","21,20M","-1,51%"
"07.02.2024","27,04","27,10","27,21","26,69","16,35M","-0,27%"
"06.02.2024","27,12","26,58","27,18","26,57","16,58M","2,16%"
"05.02.2024","26,54","26,27","26,54","26,09","15,15M","1,07%"
"02.02.2024","26,26","26,25","26,33","26,00","14,97M","-0,03%"
"01.02.2024","26,27","25,68","26,27","25,61","22,65M","2,29%"
"31.01.2024","25,68","25,66","25,86","25,53","13,11M","0,39%"
"30.01.2024","25,58","25,70","25,71","25,46","11,86M","-0,51%"
"29.01.2024","25,71","25,92","25,95","25,51","11,26M","-0,79%"
"26.01.2024","25,92","25,77","25,93","25,73","16,39M","0,69%"
"25.01.2024","25,74","25,82","25,93","25,72","12,01M","-0,12%"
"24.01.2024","25,77","25,79","25,95","25,68","13,34M","0,19%"
"23.01.2024","25,72","25,39","25,75","25,27","20,13M","1,78%"
"22.01.2024","25,27","25,51","25,54","25,19","13,09M","-0,66%"
"19.01.2024","25,44","25,26","25,64","25,15","25,31M","1,05%"
"18.01.2024","25,18","25,50","25,53","25,14","14,65M","-1,16%"
"17.01.2024","25,47","25,39","25,52","25,31","19,37M","0,20%"
"16.01.2024","25,42","25,46","25,69","25,37","17,94M","-0,57%"
"15.01.2024","25,57","25,07","25,57","25,02","16,83M","1,96%"
"12.01.2024","25,08","24,93","25,11","24,71","10,13M","0,58%"
"11.01.2024","24,93","24,75","24,96","24,67","13,49M","0,68%"
"10.01.2024","24,76","24,65","24,87","24,65","9,88M","-0,17%"
"09.01.2024","24,80","25,06","25,09","24,70","15,37M","-1,50%"
"08.01.2024","25,18","25,05","25,24","24,92","18,11M","0,86%"
"05.01.2024","24,97","24,65","25,08","24,57","16,46M","1,20%"
"04.01.2024","24,67","24,91","24,98","24,62","16,20M","-1,06%"
"03.01.2024","24,94","24,88","25,06","24,80","16,30M","0,09%"
"02.01.2024","24,91","25,08","25,15","24,77","16,34M","-1,14%"
"28.12.2023","25,20","24,96","25,20","24,88","11,68M","0,97%"
"27.12.2023","24,96","24,93","25,01","24,83","6,75M","-0,15%"
"26.12.2023","25,00","24,77","25,01","24,70","7,97M","0,92%"
"22.12.2023","24,77","24,80","24,85","24,60","14,61M","0,28%"
"21.12.2023","24,70","24,93","24,93","24,52","20,01M","0,15%"
"20.12.2023","24,66","24,96","25,02","24,60","15,65M","-1,17%"
"19.12.2023","24,96","24,83","24,99","24,70","15,47M","0,37%"
"18.12.2023","24,86","24,87","25,04","24,65","15,52M","0,07%"
"15.12.2023","24,85","24,23","24,85","24,03","36,32M","2,40%"
"14.12.2023","24,26","24,34","24,37","23,84","36,87M","0,66%"
"13.12.2023","24,10","23,87","24,23","23,49","36,16M","0,91%"
"12.12.2023","23,89","24,48","24,48","23,84","25,06M","-2,95%"
"11.12.2023","24,61","24,62","24,73","24,45","11,47M","0,00%"
"08.12.2023","24,62","24,37","24,69","24,26","20,78M","1,08%"
"07.12.2023","24,36","23,96","24,36","23,96","11,56M","1,62%"
"06.12.2023","23,97","24,59","24,63","23,92","17,64M","-2,14%"
"05.12.2023","24,49","24,49","24,66","24,42","11,73M","0,00%"
"04.12.2023","24,49","24,55","24,78","24,40","13,92M","-0,39%"
"01.12.2023","24,59","24,57","24,78","24,36","18,95M","0,20%"
"30.11.2023","24,54","23,84","24,59","23,84","35,42M","2,92%"
"29.11.2023","23,84","23,86","23,98","23,67","21,02M","0,15%"
"28.11.2023","23,80","23,50","23,87","23,49","19,63M","1,45%"
"27.11.2023","23,46","23,13","23,50","23,09","22,61M","1,84%"
"24.11.2023","23,04","23,09","23,18","22,92","8,82M","-0,12%"
"23.11.2023","23,07","22,97","23,27","22,97","8,25M","0,33%"
"22.11.2023","22,99","22,88","23,22","22,88","16,20M","0,69%"
"21.11.2023","22,83","22,67","22,89","22,60","20,64M","0,71%"
"20.11.2023","22,67","22,68","22,84","22,39","15,07M","0,53%"
"17.11.2023","22,55","22,38","22,69","22,36","24,43M","0,76%"
"16.11.2023","22,38","22,39","22,47","22,20","34,23M","0,00%"
"14.11.2023","22,39","22,34","22,68","22,24","37,86M","0,48%"
"13.11.2023","22,28","22,30","22,39","22,18","9,64M","-0,38%"
"10.11.2023","22,36","22,16","22,43","22,02","17,83M","1,47%"
"09.11.2023","22,04","22,70","22,86","21,91","62,43M","-4,18%"
"08.11.2023","23,00","22,74","23,03","22,71","18,98M","1,27%"
"07.11.2023","22,71","22,46","22,79","22,32","29,06M","1,13%"
"06.11.2023","22,46","22,39","22,55","22,26","12,22M","0,70%"
"03.11.2023","22,30","21,79","22,46","21,75","24,71M","3,51%"
"01.11.2023","21,55","21,53","21,70","21,40","21,66M","0,10%"
"31.10.2023","21,52","21,58","21,75","21,27","14,02M","-0,23%"
"30.10.2023","21,57","21,81","21,91","21,47","17,95M","-0,70%"
"27.10.2023","21,72","22,21","22,28","21,60","20,26M","-2,54%"
"26.10.2023","22,29","21,88","22,35","21,80","19,49M","2,08%"
"25.10.2023","21,84","21,85","22,10","21,76","12,61M","0,00%"
"24.10.2023","21,83","22,04","22,19","21,68","17,02M","-0,47%"
"23.10.2023","21,93","21,94","22,16","21,74","15,77M","-0,14%"
"20.10.2023","21,96","21,98","22,35","21,88","19,74M","-0,32%"
"19.10.2023","22,04","21,87","22,31","21,80","16,24M","0,77%"
"18.10.2023","21,87","21,84","22,12","21,77","22,78M","-0,49%"
"17.10.2023","21,97","22,08","22,38","21,90","16,16M","-0,90%"
"16.10.2023","22,17","21,97","22,25","21,89","15,41M","2,03%"
"13.10.2023","21,73","21,85","21,96","21,66","21,87M","-0,31%"
"11.10.2023","21,80","21,60","21,88","21,59","16,44M","0,95%"
"10.10.2023","21,59","21,66","21,87","21,58","19,64M","-0,16%"
"09.10.2023","21,63","21,61","21,77","21,47","19,67M","-0,53%"
"06.10.2023","21,75","20,90","21,92","20,79","41,05M","4,07%"
"05.10.2023","20,90","20,82","21,30","20,74","15,51M","0,30%"
"04.10.2023","20,83","20,74","20,95","20,56","16,36M","0,75%"
"03.10.2023","20,68","20,96","20,98","20,62","12,77M","-1,28%"
"02.10.2023","20,94","21,00","21,08","20,88","9,44M","-0,28%"
"29.09.2023","21,00","21,30","21,32","20,97","10,87M","-0,97%"
"28.09.2023","21,21","20,61","21,28","20,58","23,76M","3,21%"
"27.09.2023","20,55","20,54","20,70","20,31","22,05M","0,87%"
"26.09.2023","20,37","20,49","20,58","20,29","23,54M","-1,42%"
"25.09.2023","20,66","20,75","20,82","20,55","18,21M","-0,58%"
"22.09.2023","20,78","20,82","20,98","20,74","10,68M","0,17%"
"21.09.2023","20,75","21,06","21,10","20,69","16,55M","-2,29%"
"20.09.2023","21,23","21,06","21,48","21,04","14,73M","0,89%"
"19.09.2023","21,05","21,08","21,27","20,95","15,25M","-0,15%"
"18.09.2023","21,08","21,21","21,42","21,08","20,15M","-0,42%"
"15.09.2023","21,17","21,11","21,23","20,97","21,46M","0,34%"
"14.09.2023","21,10","21,14","21,33","21,01","14,54M","0,28%"
"13.09.2023","21,04","21,08","21,32","20,98","14,71M","-0,08%"
"12.09.2023","21,06","21,01","21,20","20,96","15,30M","0,54%"
"11.09.2023","20,94","20,81","21,01","20,70","14,33M","1,59%"
"08.09.2023","20,62","20,71","20,78","20,47","15,42M","-0,30%"
"06.09.2023","20,68","20,87","20,97","20,67","14,14M","-0,68%"
"05.09.2023","20,82","20,93","21,13","20,78","15,25M","-0,36%"
"04.09.2023","20,89","21,00","21,08","20,85","7,21M","-56,00%"
"02.09.2023","47,49","47,49","47,49","47,49","","126,57%"
"01.09.2023","20,96","20,88","21,08","20,86","11,03M","0,68%"
"31.08.2023","20,82","21,19","21,21","20,78","26,31M","-1,57%"
"30.08.2023","21,15","21,53","21,61","21,13","11,43M","-1,44%"
"29.08.2023","21,46","21,45","21,77","21,36","19,54M","0,56%"
"28.08.2023","21,34","20,85","21,44","20,75","15,10M","2,88%"
"25.08.2023","20,74","21,04","21,08","20,51","17,90M","-1,30%"
"24.08.2023","21,02","21,26","21,26","20,92","12,70M","-1,31%"
"23.08.2023","21,30","21,27","21,43","21,05","15,47M","0,44%"
"22.08.2023","21,20","20,86","21,25","20,81","15,57M","2,45%"
"21.08.2023","20,70","20,86","20,88","20,56","15,67M","-0,36%"
"18.08.2023","20,77","20,68","20,91","20,57","20,57M","0,40%"
"17.08.2023","20,69","20,65","20,73","20,50","18,31M","0,93%"
"16.08.2023","20,50","20,34","20,74","20,34","22,97M","0,86%"
"15.08.2023","20,32","20,49","20,57","20,29","17,34M","-0,53%"
"14.08.2023","20,43","20,73","20,73","20,40","13,08M","-0,99%"
"11.08.2023","20,64","20,50","20,71","20,44","17,22M","1,09%"
"10.08.2023","20,41","20,47","20,56","20,31","24,83M","0,51%"
"09.08.2023","20,31","20,43","20,49","20,21","15,15M","-0,55%"
"08.08.2023","20,42","20,53","20,60","20,15","23,72M","-0,70%"
"07.08.2023","20,57","20,70","20,86","20,51","11,43M","-0,17%"
"04.08.2023","20,60","20,64","20,84","20,45","22,91M","-0,52%"
"03.08.2023","20,71","20,82","20,85","20,57","16,68M","0,17%"
"02.08.2023","20,67","20,54","20,76","20,47","11,14M","0,44%"
"01.08.2023","20,58","20,83","20,87","20,40","25,30M","-1,72%"
"31.07.2023","20,94","20,69","21,00","20,64","20,74M","1,92%"
"28.07.2023","20,55","20,48","20,67","20,37","14,41M","1,16%"
"27.07.2023","20,31","20,74","20,76","20,27","23,30M","-2,05%"
"26.07.2023","20,74","20,60","20,77","20,46","24,74M","0,85%"
"25.07.2023","20,57","20,97","20,97","20,56","21,46M","-0,53%"
"24.07.2023","20,67","20,97","21,23","20,50","35,61M","-1,96%"
"21.07.2023","21,09","20,84","21,23","20,84","20,15M","1,19%"
"20.07.2023","20,84","20,67","20,88","20,60","13,49M","1,10%"
"19.07.2023","20,61","21,04","21,04","20,57","16,16M","-1,74%"
"18.07.2023","20,98","20,90","21,06","20,79","9,02M","0,33%"
"17.07.2023","20,91","20,77","20,94","20,63","10,71M","0,88%"
"14.07.2023","20,73","20,84","21,17","20,60","26,16M","-0,67%"
"13.07.2023","20,87","20,80","21,03","20,68","14,02M","0,95%"
"12.07.2023","20,67","21,27","21,27","20,58","24,31M","-1,61%"
"11.07.2023","21,01","21,30","21,30","20,81","24,66M","-1,43%"
"10.07.2023","21,31","21,73","21,75","21,20","17,70M","-1,84%"
"07.07.2023","21,71","21,31","21,87","21,31","23,01M","1,94%"
"06.07.2023","21,30","21,53","21,55","21,14","19,09M","-1,47%"
"05.07.2023","21,62","21,73","21,73","21,47","11,22M","-0,66%"
"04.07.2023","21,76","21,90","21,93","21,66","7,52M","-0,64%"
"03.07.2023","21,90","21,54","21,95","21,52","25,96M","2,00%"
"30.06.2023","21,47","21,90","22,08","21,27","27,92M","-1,30%"
"29.06.2023","21,75","21,54","21,82","21,39","16,49M","0,93%"
"28.06.2023","21,55","21,78","21,82","21,40","15,45M","-1,22%"
"27.06.2023","21,82","22,24","22,37","21,67","25,75M","-1,84%"
"26.06.2023","22,23","22,05","22,33","21,93","16,82M","0,24%"
"23.06.2023","22,17","22,21","22,23","21,97","13,44M","0,04%"
"22.06.2023","22,17","22,44","22,54","22,02","17,84M","-1,90%"
"21.06.2023","22,60","21,82","22,60","21,79","27,31M","3,15%"
"20.06.2023","21,90","21,86","21,93","21,71","17,02M","0,00%"
"19.06.2023","21,91","21,54","21,93","21,52","11,75M","1,86%"
"16.06.2023","21,51","21,66","21,69","21,40","30,33M","-0,74%"
"15.06.2023","21,67","21,25","21,83","21,17","41,83M","2,05%"
"14.06.2023","21,24","21,21","21,30","20,90","26,04M","0,49%"
"13.06.2023","21,13","21,37","21,51","21,03","26,49M","-1,04%"
"12.06.2023","21,35","20,75","21,47","20,71","76,96M","3,62%"
"09.06.2023","20,61","19,74","20,61","19,74","36,79M","4,88%"
"07.06.2023","19,65","19,74","19,81","19,65","22,17M","-0,04%"
"06.06.2023","19,66","19,44","19,92","19,41","22,87M","1,16%"
"05.06.2023","19,43","19,25","19,55","19,06","27,17M","0,33%"
"02.06.2023","19,37","19,30","19,40","19,07","20,92M","2,06%"
"01.06.2023","18,98","19,00","19,10","18,77","20,24M","0,27%"
"31.05.2023","18,92","18,98","19,15","18,88","34,75M","-0,18%"
"30.05.2023","18,96","19,00","19,03","18,75","36,81M","0,86%"
"29.05.2023","18,80","18,90","18,90","18,67","6,61M","-0,18%"
"26.05.2023","18,83","19,19","19,22","18,73","19,15M","-0,58%"
"25.05.2023","18,94","19,09","19,26","18,94","23,31M","0,04%"
"24.05.2023","18,93","18,87","19,08","18,73","21,76M","0,36%"
"23.05.2023","18,87","18,44","18,93","18,38","25,71M","2,35%"
"22.05.2023","18,43","18,68","18,92","18,42","16,11M","-1,32%"
"19.05.2023","18,68","18,38","18,71","18,23","67,74M","1,94%"
"18.05.2023","18,32","18,28","18,37","18,15","23,37M","-0,07%"
"17.05.2023","18,34","18,34","18,60","18,21","34,93M","0,16%"
"16.05.2023","18,31","18,85","18,98","18,21","42,82M","-2,88%"
"15.05.2023","18,85","18,87","19,02","18,67","17,20M","0,47%"
"12.05.2023","18,76","18,68","18,95","18,62","24,39M","-0,38%"
"11.05.2023","18,83","18,42","18,92","18,27","27,05M","2,05%"
"10.05.2023","18,45","18,24","18,49","18,07","21,02M","1,30%"
"09.05.2023","18,22","18,23","18,41","18,10","19,35M","-0,30%"
"08.05.2023","18,27","18,42","18,57","18,22","16,12M","-57,80%"
"06.05.2023","43,30","43,30","43,30","43,30","","136,05%"
"05.05.2023","18,34","17,89","18,37","17,89","14,27M","2,54%"
"04.05.2023","17,89","17,81","18,00","17,62","14,72M","1,13%"
"03.05.2023","17,69","17,84","17,86","17,63","11,22M","-0,31%"
"02.05.2023","17,75","18,14","18,14","17,69","25,19M","-2,38%"
"28.04.2023","18,18","18,24","18,37","17,96","20,67M","0,33%"
"27.04.2023","18,12","18,10","18,32","18,03","12,30M","0,12%"
"26.04.2023","18,10","18,35","18,35","18,03","23,54M","-0,81%"
"25.04.2023","18,25","18,24","18,38","18,12","23,60M","-0,92%"
"24.04.2023","18,42","18,42","18,68","18,26","20,44M","-0,21%"
"20.04.2023","18,45","18,23","18,49","18,11","20,42M","0,95%"
"19.04.2023","18,28","18,40","18,46","18,17","20,94M","-1,17%"
"18.04.2023","18,50","18,47","18,52","18,25","17,30M","0,18%"
"17.04.2023","18,46","18,39","18,56","18,25","24,04M","0,23%"
"14.04.2023","18,42","18,08","18,45","17,88","42,06M","1,71%"
"13.04.2023","18,11","18,09","18,40","17,98","36,62M","-0,05%"
"12.04.2023","18,12","16,99","18,34","16,97","127,53M","6,96%"
"11.04.2023","16,94","16,67","17,02","16,65","26,48M","2,31%"
"10.04.2023","16,56","16,69","16,83","16,53","21,84M","0,05%"
"06.04.2023","16,55","16,64","16,69","16,48","13,31M","-0,33%"
"05.04.2023","16,60","16,69","16,83","16,47","15,51M","-0,36%"
"04.04.2023","16,66","16,50","16,74","16,43","16,44M","1,66%"
"03.04.2023","16,39","16,63","16,66","16,21","17,88M","-1,18%"
"31.03.2023","16,59","16,61","16,76","16,36","16,83M","0,26%"
"30.03.2023","16,55","16,52","16,62","16,29","26,21M","1,83%"
"29.03.2023","16,25","16,13","16,30","15,97","14,29M","1,16%"
"28.03.2023","16,06","15,95","16,15","15,91","15,77M","0,69%"
"27.03.2023","15,95","16,11","16,18","15,88","13,77M","0,05%"
"24.03.2023","15,94","15,83","16,09","15,71","15,84M","1,02%"
"23.03.2023","15,78","16,00","16,18","15,60","22,43M","-1,09%"
"22.03.2023","15,96","15,92","16,22","15,86","23,68M","0,24%"
"21.03.2023","15,92","15,82","16,02","15,81","17,73M","1,19%"
"20.03.2023","15,73","15,82","16,15","15,57","20,95M","-0,56%"
"17.03.2023","15,82","15,95","16,17","15,82","41,73M","-1,71%"
"16.03.2023","16,10","15,98","16,18","15,82","25,50M","1,07%"
"15.03.2023","15,93","15,63","16,03","15,59","23,11M","0,11%"
"14.03.2023","15,91","16,08","16,18","15,79","22,07M","-0,76%"
"13.03.2023","16,03","16,02","16,21","15,88","18,22M","-0,63%"
"10.03.2023","16,13","16,39","16,41","15,98","25,79M","-1,89%"
"09.03.2023","16,44","16,78","16,89","16,44","24,78M","-2,17%"
"08.03.2023","16,81","16,68","16,97","16,63","26,04M","1,01%"
"07.03.2023","16,64","16,39","16,72","16,18","38,63M","2,30%"
"06.03.2023","16,27","15,91","16,39","15,91","20,47M","2,27%"
"03.03.2023","15,91","15,84","16,10","15,69","33,72M","1,12%"
"02.03.2023","15,73","16,39","16,42","15,70","34,98M","-4,03%"
"01.03.2023","16,39","16,93","16,93","16,12","54,53M","-3,23%"
"28.02.2023","16,93","16,87","17,14","16,77","33,33M","0,93%"
"27.02.2023","16,78","17,01","17,12","16,69","22,47M","-1,36%"
"24.02.2023","17,01","17,38","17,45","16,91","24,55M","-1,96%"
"23.02.2023","17,35","17,27","17,56","17,18","48,29M","0,81%"
"22.02.2023","17,21","17,64","17,64","17,17","22,33M","-2,48%"
"17.02.2023","17,65","17,45","17,78","17,30","44,60M","0,99%"
"16.02.2023","17,47","17,17","17,55","17,05","43,01M","1,12%"
"15.02.2023","17,28","17,22","17,38","16,97","49,14M","0,91%"
"14.02.2023","17,12","17,43","17,62","17,00","118,46M","2,34%"
"13.02.2023","16,73","16,79","16,96","16,50","32,49M","0,57%"
"10.02.2023","16,64","16,22","16,74","16,05","29,83M","1,97%"
"09.02.2023","16,32","16,46","16,51","16,13","21,31M","-0,53%"
"08.02.2023","16,40","16,14","16,47","16,04","44,49M","2,37%"
"07.02.2023","16,02","16,32","16,35","15,85","24,88M","-1,37%"
"06.02.2023","16,25","16,10","16,37","15,92","27,31M","0,56%"
"03.02.2023","16,16","16,34","16,46","16,03","24,33M","-0,63%"
"02.02.2023","16,26","16,49","16,96","16,18","37,05M","-1,89%"
"01.02.2023","16,57","16,79","16,92","16,42","26,31M","-1,20%"
"31.01.2023","16,77","16,88","16,98","16,66","29,57M","-0,27%"
"30.01.2023","16,82","16,65","16,86","16,51","28,50M","1,57%"
"27.01.2023","16,56","16,86","16,88","16,36","24,86M","-1,11%"
"26.01.2023","16,75","16,81","17,10","16,72","26,30M","-0,05%"
"25.01.2023","16,75","16,24","16,89","16,02","30,47M","2,73%"
"24.01.2023","16,31","16,39","16,65","16,19","33,16M","-0,50%"
"23.01.2023","16,39","16,51","17,00","16,13","58,23M","-0,75%"
"20.01.2023","16,51","16,16","16,61","16,12","61,33M","2,45%"
"19.01.2023","16,12","15,66","16,21","15,48","46,82M","2,28%"
"18.01.2023","15,76","15,68","16,02","15,62","46,47M","1,43%"
"17.01.2023","15,54","14,75","15,54","14,65","52,12M","5,87%"
"16.01.2023","14,68","14,70","14,89","14,56","18,44M","-0,11%"
"13.01.2023","14,69","14,63","14,78","14,40","20,09M","0,22%"
"12.01.2023","14,66","14,66","14,78","14,43","20,17M","-0,64%"
"11.01.2023","14,75","14,55","14,78","14,45","29,08M","1,42%"
"10.01.2023","14,55","14,22","14,62","14,15","19,31M","1,70%"
"09.01.2023","14,31","14,31","14,45","14,21","20,03M","-0,97%"
"06.01.2023","14,45","14,28","14,54","14,19","29,50M","1,39%"
"05.01.2023","14,25","13,72","14,32","13,63","33,94M","4,57%"
"04.01.2023","13,63","13,53","13,71","13,42","19,52M","1,29%"
"03.01.2023","13,45","13,71","13,77","13,36","21,55M","-1,86%"
"02.01.2023","13,71","14,10","14,10","13,56","23,56M","-4,23%"
"29.12.2022","14,31","14,36","14,44","14,18","18,67M","0,17%"
"28.12.2022","14,29","14,05","14,34","13,86","21,45M","1,79%"
"27.12.2022","14,04","14,61","14,61","13,97","17,73M","-3,32%"
"26.12.2022","14,52","14,66","14,66","14,32","9,11M","-0,14%"
"23.12.2022","14,54","14,23","14,69","14,23","17,49M","2,47%"
"22.12.2022","14,19","14,14","14,36","13,98","14,80M","0,91%"
"21.12.2022","14,06","14,05","14,20","13,91","17,50M","0,95%"
"20.12.2022","13,93","13,58","14,08","13,45","26,50M","2,58%"
"19.12.2022","13,58","13,48","13,79","13,40","31,16M","1,07%"
"16.12.2022","13,44","13,19","13,50","13,10","43,41M","2,03%"
"15.12.2022","13,17","12,66","13,41","12,57","94,93M","2,83%"
"14.12.2022","12,81","12,98","13,01","12,47","80,02M","-2,48%"
"13.12.2022","13,13","13,93","13,99","13,13","43,71M","-4,74%"
"12.12.2022","13,78","14,24","14,44","13,55","53,11M","-3,40%"
"09.12.2022","14,27","14,31","14,35","14,11","14,06M","-0,14%"
"08.12.2022","14,29","14,47","14,67","14,20","24,54M","-1,27%"
"07.12.2022","14,47","14,52","14,66","14,47","13,21M","-0,22%"
"06.12.2022","14,51","14,44","14,51","14,31","17,26M","1,02%"
"05.12.2022","14,36","14,67","14,67","14,29","20,72M","-2,30%"
"02.12.2022","14,70","14,49","14,98","14,32","27,61M","2,24%"
"01.12.2022","14,38","14,33","14,51","14,16","18,24M","-0,11%"
"30.11.2022","14,39","14,45","14,61","14,16","25,60M","0,09%"
"29.11.2022","14,38","14,28","14,58","14,11","18,27M","1,21%"
"28.11.2022","14,21","14,03","14,36","13,91","16,47M","1,81%"
"25.11.2022","13,96","14,32","14,37","13,84","19,18M","-2,31%"
"24.11.2022","14,29","14,11","14,67","14,01","21,64M","1,63%"
"23.11.2022","14,06","13,79","14,09","13,67","26,65M","1,23%"
"22.11.2022","13,89","14,11","14,24","13,80","26,44M","-1,03%"
"21.11.2022","14,03","13,76","14,12","13,64","42,77M","2,39%"
"18.11.2022","13,70","13,78","14,07","13,59","45,21M","-0,35%"
"17.11.2022","13,75","13,96","14,04","13,41","80,27M","-2,13%"
"16.11.2022","14,05","14,25","14,37","13,98","45,10M","-5,64%"
"14.11.2022","14,89","14,73","15,05","14,58","46,07M","2,48%"
"11.11.2022","14,53","14,85","14,99","14,46","108,31M","-2,23%"
"10.11.2022","14,86","15,14","15,41","14,59","129,12M","-1,97%"
"09.11.2022","15,16","15,40","15,77","15,10","37,98M","-2,65%"
"08.11.2022","15,57","15,45","15,67","15,27","29,48M","0,48%"
"07.11.2022","15,50","15,92","16,03","15,39","47,34M","-3,49%"
"04.11.2022","16,06","15,94","16,35","15,88","54,33M","1,47%"
"03.11.2022","15,83","15,95","15,97","15,22","60,76M","2,08%"
"01.11.2022","15,50","15,30","15,87","15,09","49,04M","2,38%"
"31.10.2022","15,14","15,00","15,68","14,73","101,31M","-4,64%"
"28.10.2022","15,88","15,64","15,91","15,52","40,48M","0,60%"
"27.10.2022","15,79","15,75","16,12","15,68","41,07M","1,26%"
"26.10.2022","15,59","16,00","16,01","15,21","64,01M","-3,54%"
"25.10.2022","16,16","16,40","16,56","16,02","42,54M","-1,72%"
"24.10.2022","16,44","17,84","17,87","16,44","74,85M","-10,03%"
"21.10.2022","18,28","17,76","18,38","17,66","63,66M","2,48%"
"20.10.2022","17,84","17,14","17,87","17,06","70,60M","4,68%"
"19.10.2022","17,04","16,92","17,10","16,77","25,40M","0,31%"
"18.10.2022","16,98","16,35","16,98","16,26","44,09M","5,14%"
"17.10.2022","16,15","16,08","16,30","15,90","20,04M","0,84%"
"14.10.2022","16,02","16,22","16,44","15,82","24,87M","-0,56%"
"13.10.2022","16,11","15,87","16,31","15,57","30,14M","0,69%"
"11.10.2022","16,00","16,28","16,39","15,89","29,10M","-2,40%"
"10.10.2022","16,39","16,80","16,92","16,28","22,95M","-1,45%"
"07.10.2022","16,63","16,59","16,69","16,41","26,15M","0,22%"
"06.10.2022","16,60","16,44","16,68","16,30","36,24M","1,78%"
"05.10.2022","16,31","16,06","16,51","15,85","44,69M","1,61%"
"04.10.2022","16,05","17,19","17,37","15,90","54,98M","-5,38%"
"03.10.2022","16,96","16,79","17,26","16,57","89,05M","7,63%"
"30.09.2022","15,76","15,65","15,97","15,43","41,02M","0,47%"
"29.09.2022","15,68","15,59","15,75","15,49","37,07M","-0,54%"
"28.09.2022","15,77","15,73","15,95","15,62","22,66M","0,00%"
"27.09.2022","15,77","16,02","16,04","15,75","22,14M","-0,80%"
"26.09.2022","15,89","16,49","16,54","15,81","33,56M","-4,62%"
"23.09.2022","16,66","16,69","16,73","16,40","34,10M","-1,24%"
"22.09.2022","16,87","16,67","16,95","16,40","28,75M","1,83%"
"21.09.2022","16,57","16,76","16,79","16,47","24,53M","-0,71%"
"20.09.2022","16,69","16,49","16,76","16,43","34,66M","1,52%"
"19.09.2022","16,44","15,96","16,52","15,67","31,62M","1,98%"
"16.09.2022","16,12","16,22","16,22","15,92","72,16M","-1,13%"
"15.09.2022","16,30","16,50","16,62","16,25","42,49M","-1,02%"
"14.09.2022","16,47","16,42","16,72","16,34","30,57M","0,10%"
"13.09.2022","16,45","16,39","16,69","16,31","32,40M","-1,39%"
"12.09.2022","16,68","16,62","16,98","16,59","26,09M","1,26%"
"09.09.2022","16,48","16,23","16,62","16,18","45,06M","2,76%"
"08.09.2022","16,03","16,25","16,31","15,82","34,82M","-0,43%"
"06.09.2022","16,10","16,38","16,40","15,93","67,47M","-4,80%"
"05.09.2022","16,92","17,43","17,43","16,84","26,97M","-2,12%"
"02.09.2022","17,28","17,30","17,51","17,23","25,17M","0,47%"
"01.09.2022","17,20","17,07","17,32","16,86","32,28M","1,54%"
"31.08.2022","16,94","17,23","17,38","16,86","35,79M","-1,51%"
"30.08.2022","17,20","17,33","17,42","17,03","33,55M","-0,28%"
"29.08.2022","17,25","16,88","17,39","16,81","26,20M","2,07%"
"26.08.2022","16,90","17,02","17,08","16,71","22,50M","-0,50%"
"25.08.2022","16,99","16,75","16,99","16,60","36,65M","2,38%"
"24.08.2022","16,59","16,89","17,00","16,55","21,88M","-1,66%"
"23.08.2022","16,87","16,62","17,07","16,62","27,73M","2,02%"
"22.08.2022","16,54","16,36","16,60","16,09","53,05M","1,02%"
"19.08.2022","16,37","16,46","16,65","16,10","54,66M","-6,36%"
"18.08.2022","17,48","17,90","18,01","17,41","31,58M","-2,31%"
"17.08.2022","17,90","17,90","18,16","17,72","50,01M","-0,90%"
"16.08.2022","18,06","17,98","18,18","17,74","42,15M","0,49%"
"15.08.2022","17,97","18,26","18,29","17,90","38,68M","-2,52%"
"12.08.2022","18,44","17,57","18,53","17,56","90,11M","5,65%"
"11.08.2022","17,45","17,62","17,72","17,37","123,97M","4,43%"
"10.08.2022","16,71","16,69","16,79","16,58","28,07M","0,86%"
"09.08.2022","16,57","16,35","16,70","16,23","34,46M","1,67%"
"08.08.2022","16,30","15,86","16,35","15,79","38,79M","3,15%"
"05.08.2022","15,80","15,51","15,81","15,45","21,67M","1,86%"
"04.08.2022","15,51","15,34","15,52","15,26","23,30M","1,90%"
"03.08.2022","15,22","15,15","15,29","15,00","14,91M","0,69%"
"02.08.2022","15,12","14,92","15,24","14,84","19,60M","1,35%"
"01.08.2022","14,92","15,04","15,14","14,85","22,58M","-0,81%"
"29.07.2022","15,04","15,12","15,30","15,01","23,58M","-0,66%"
"28.07.2022","15,14","14,90","15,18","14,82","16,17M","1,86%"
"27.07.2022","14,86","14,80","14,90","14,69","14,33M","0,65%"
"26.07.2022","14,77","14,78","14,96","14,69","22,07M","0,34%"
"25.07.2022","14,71","14,44","14,76","14,44","24,30M","1,53%"
"22.07.2022","14,49","14,60","14,69","14,38","13,21M","-0,69%"
"21.07.2022","14,59","14,47","14,59","14,24","17,43M","0,69%"
"20.07.2022","14,49","14,44","14,64","14,38","19,09M","0,00%"
"19.07.2022","14,49","14,16","14,51","14,13","30,58M","2,70%"
"18.07.2022","14,11","14,00","14,24","13,94","21,72M","1,41%"
"15.07.2022","13,91","13,63","14,05","13,47","24,33M","2,05%"
"14.07.2022","13,63","13,59","13,67","13,34","24,51M","-0,12%"
"13.07.2022","13,65","13,71","13,83","13,59","25,21M","-1,09%"
"12.07.2022","13,80","13,79","13,85","13,56","14,71M","0,33%"
"11.07.2022","13,75","13,85","13,92","13,69","14,06M","-1,64%"
"08.07.2022","13,98","13,87","14,06","13,82","17,97M","0,97%"
"07.07.2022","13,85","13,77","13,96","13,77","19,38M","1,47%"
"06.07.2022","13,65","13,66","13,83","13,46","21,59M","-0,64%"
"05.07.2022","13,74","13,74","13,80","13,52","17,29M","-0,54%"
"04.07.2022","13,81","13,84","13,89","13,71","10,28M","-0,33%"
"01.07.2022","13,86","13,82","13,94","13,71","16,70M","-0,69%"
"30.06.2022","13,95","13,65","14,04","13,48","36,86M","0,91%"
"29.06.2022","13,83","13,89","14,04","13,76","16,18M","-0,51%"
"28.06.2022","13,90","13,96","14,18","13,75","24,07M","0,36%"
"27.06.2022","13,85","13,57","13,87","13,53","18,82M","2,06%"
"24.06.2022","13,57","13,74","13,79","13,42","18,17M","-0,58%"
"23.06.2022","13,65","13,76","13,77","13,48","30,89M","-0,64%"
"22.06.2022","13,74","13,71","13,95","13,57","49,18M","-0,36%"
"21.06.2022","13,79","14,51","14,56","13,71","51,22M","-4,10%"
"20.06.2022","14,38","14,30","14,60","14,03","28,40M","0,76%"
"17.06.2022","14,27","14,11","14,36","13,88","58,41M","0,23%"
"15.06.2022","14,23","14,15","14,42","14,08","27,35M","1,58%"
"14.06.2022","14,01","14,08","14,23","13,94","25,93M","0,00%"
"13.06.2022","14,01","14,15","14,29","13,90","28,70M","-2,29%"
"10.06.2022","14,34","14,48","14,68","14,22","67,52M","-1,68%"
"09.06.2022","14,58","14,54","14,77","14,49","21,84M","-0,14%"
"08.06.2022","14,60","14,62","14,73","14,49","15,95M","-0,90%"
"07.06.2022","14,73","14,77","14,88","14,67","14,91M","-0,70%"
"06.06.2022","14,84","15,05","15,18","14,81","16,59M","-1,24%"
"03.06.2022","15,02","15,19","15,19","14,93","17,71M","-1,39%"
"02.06.2022","15,24","15,32","15,39","15,12","19,07M","0,08%"
"01.06.2022","15,22","15,35","15,35","14,96","26,56M","0,19%"
"31.05.2022","15,19","15,00","15,41","14,94","67,34M","1,52%"
"30.05.2022","14,97","15,44","15,44","14,63","51,22M","-2,65%"
"27.05.2022","15,37","15,50","15,50","15,24","26,73M","-1,09%"
"26.05.2022","15,54","15,52","15,80","15,49","25,40M","-0,29%"
"25.05.2022","15,59","15,57","15,68","15,27","34,61M","-0,61%"
"24.05.2022","15,68","15,60","15,78","15,37","47,74M","-0,23%"
"23.05.2022","15,72","15,21","15,74","15,19","50,62M","4,22%"
"20.05.2022","15,08","14,79","15,09","14,73","51,15M","3,64%"
"19.05.2022","14,55","14,64","14,74","14,45","18,79M","-0,58%"
"18.05.2022","14,64","14,84","15,04","14,57","24,93M","-1,43%"
"17.05.2022","14,85","14,64","14,91","14,62","44,30M","2,85%"
"16.05.2022","14,44","14,34","14,55","14,29","36,32M","0,88%"
"13.05.2022","14,31","14,44","14,45","14,21","71,40M","-0,14%"
"12.05.2022","14,33","14,19","14,41","14,08","48,92M","2,54%"
"11.05.2022","13,98","13,67","14,11","13,59","27,21M","2,21%"
"10.05.2022","13,68","13,93","13,97","13,58","18,43M","-1,15%"
"09.05.2022","13,84","13,60","13,98","13,58","20,16M","0,27%"
"06.05.2022","13,80","13,73","14,13","13,58","27,60M","0,33%"
"05.05.2022","13,76","14,01","14,02","13,45","28,20M","-2,60%"
"04.05.2022","14,12","13,67","14,18","13,54","26,03M","2,91%"
"03.05.2022","13,72","13,45","13,85","13,42","25,70M","2,06%"
"02.05.2022","13,45","13,56","13,69","13,26","21,34M","-0,72%"
"29.04.2022","13,54","13,94","14,14","13,49","33,89M","-2,32%"
"28.04.2022","13,87","13,93","14,02","13,69","19,79M","-0,18%"
"27.04.2022","13,89","14,00","14,19","13,82","19,40M","0,44%"
"26.04.2022","13,83","14,02","14,09","13,66","27,83M","-2,25%"
"25.04.2022","14,15","13,96","14,25","13,85","22,55M","0,78%"
"22.04.2022","14,04","14,16","14,18","13,92","21,70M","-2,08%"
"20.04.2022","14,33","14,37","14,38","14,19","22,50M","-0,14%"
"19.04.2022","14,35","14,83","14,95","14,29","35,65M","-3,53%"
"18.04.2022","14,88","14,35","14,88","14,32","44,98M","3,69%"
"14.04.2022","14,35","14,31","14,49","14,30","21,24M","0,09%"
"13.04.2022","14,34","14,44","14,45","14,23","25,56M","0,49%"
"12.04.2022","14,27","14,35","14,47","14,21","24,78M","-0,20%"
"11.04.2022","14,30","14,13","14,37","14,02","20,79M","0,63%"
"08.04.2022","14,21","13,89","14,27","13,87","26,11M","1,78%"
"07.04.2022","13,96","13,58","14,10","13,58","30,03M","1,84%"
"06.04.2022","13,71","13,64","13,76","13,51","26,44M","0,51%"
"05.04.2022","13,64","13,97","14,00","13,60","29,11M","-2,65%"
"04.04.2022","14,01","14,06","14,09","13,83","19,68M","-0,92%"
"01.04.2022","14,14","14,25","14,30","13,99","52,21M","-0,06%"
"31.03.2022","14,15","14,18","14,49","14,04","45,06M","-0,57%"
"30.03.2022","14,23","14,31","14,31","14,08","13,39M","-0,60%"
"29.03.2022","14,31","14,43","14,50","14,17","18,18M","0,43%"
"28.03.2022","14,25","14,44","14,50","14,19","13,29M","-0,96%"
"25.03.2022","14,39","14,41","14,56","14,30","15,26M","-0,06%"
"24.03.2022","14,40","14,26","14,54","14,22","16,57M","1,15%"
"23.03.2022","14,24","14,27","14,35","14,14","16,10M","-0,51%"
"22.03.2022","14,31","14,11","14,41","14,11","23,43M","2,00%"
"21.03.2022","14,03","13,78","14,09","13,72","18,20M","2,04%"
"18.03.2022","13,75","13,84","13,87","13,67","28,49M","-0,22%"
"17.03.2022","13,78","13,64","13,86","13,50","20,89M","0,95%"
"16.03.2022","13,65","13,54","13,65","13,29","23,35M","1,34%"
"15.03.2022","13,47","13,62","13,64","13,36","20,83M","-1,10%"
"14.03.2022","13,62","13,60","13,92","13,58","21,41M","0,59%"
"11.03.2022","13,54","13,88","14,06","13,47","24,48M","-2,03%"
"10.03.2022","13,82","13,90","13,98","13,59","21,72M","-1,29%"
"09.03.2022","14,00","13,41","14,02","13,39","55,67M","5,66%"
"08.03.2022","13,25","13,23","13,37","13,11","17,96M","0,76%"
"07.03.2022","13,15","13,58","13,68","13,09","30,75M","-4,22%"
"04.03.2022","13,73","14,03","14,09","13,58","31,88M","-2,56%"
"03.03.2022","14,09","14,12","14,27","14,00","25,67M","0,00%"
"02.03.2022","14,09","13,90","14,17","13,83","25,37M","1,08%"
"25.02.2022","13,94","13,74","13,94","13,67","34,73M","1,60%"
"24.02.2022","13,72","13,71","13,90","13,50","46,76M","-3,18%"
"23.02.2022","14,17","14,17","14,30","14,10","26,68M","0,50%"
"22.02.2022","14,10","14,02","14,30","14,00","59,70M","0,93%"
"21.02.2022","13,97","14,31","14,34","13,85","24,11M","-2,10%"
"18.02.2022","14,27","14,02","14,34","14,01","42,19M","2,00%"
"17.02.2022","13,99","13,98","14,15","13,92","28,77M","0,00%"
"16.02.2022","13,99","13,93","14,17","13,90","35,50M","0,58%"
"15.02.2022","13,91","14,06","14,13","13,83","98,20M","4,74%"
"14.02.2022","13,28","13,22","13,36","13,11","32,97M","0,45%"
"11.02.2022","13,22","12,85","13,30","12,84","64,66M","3,44%"
"10.02.2022","12,78","12,67","12,92","12,61","28,69M","1,11%"
"09.02.2022","12,64","12,71","12,87","12,55","32,75M","-0,86%"
"08.02.2022","12,75","12,60","12,82","12,47","23,85M","1,11%"
"07.02.2022","12,61","12,72","12,82","12,61","17,11M","-1,18%"
"04.02.2022","12,76","12,75","12,83","12,67","14,77M","-0,16%"
"03.02.2022","12,78","12,70","12,90","12,68","23,50M","0,63%"
"02.02.2022","12,70","12,88","12,91","12,58","23,88M","-1,63%"
"01.02.2022","12,91","12,99","13,00","12,81","16,60M","-0,15%"
"31.01.2022","12,93","12,84","13,04","12,78","22,02M","0,54%"
"28.01.2022","12,86","12,78","12,90","12,68","29,16M","0,63%"
"27.01.2022","12,78","12,67","12,95","12,65","30,91M","1,35%"
"26.01.2022","12,61","12,79","12,92","12,54","39,54M","-0,94%"
"25.01.2022","12,73","12,37","12,82","12,31","33,26M","2,58%"
"24.01.2022","12,41","12,33","12,57","12,25","31,50M","0,49%"
"21.01.2022","12,35","12,33","12,49","12,23","28,68M","0,00%"
"20.01.2022","12,35","12,32","12,47","12,27","22,72M","0,57%"
"19.01.2022","12,28","12,26","12,39","12,16","26,75M","0,90%"
"18.01.2022","12,17","12,00","12,25","11,97","24,90M","0,91%"
"17.01.2022","12,06","12,06","12,15","11,90","18,90M","0,17%"
"14.01.2022","12,04","11,76","12,14","11,76","34,04M","2,56%"
"13.01.2022","11,74","11,51","11,89","11,51","34,32M","1,65%"
"12.01.2022","11,55","11,45","11,62","11,42","28,33M","0,96%"
"11.01.2022","11,44","11,37","11,49","11,36","25,30M","0,44%"
"10.01.2022","11,39","11,30","11,52","11,26","18,35M","0,44%"
"07.01.2022","11,34","11,33","11,41","11,24","16,38M","0,18%"
"06.01.2022","11,32","11,25","11,43","11,16","20,27M","0,80%"
"05.01.2022","11,23","11,41","11,47","11,16","26,33M","-1,66%"
"04.01.2022","11,42","11,53","11,54","11,33","23,43M","0,09%"
"03.01.2022","11,41","11,53","11,78","11,40","32,34M","-0,09%"
"30.12.2021","11,42","11,53","11,56","11,39","25,17M","-0,44%"
"29.12.2021","11,47","11,55","11,60","11,46","15,33M","-0,52%"
"28.12.2021","11,53","11,62","11,64","11,49","17,28M","-0,52%"
"27.12.2021","11,59","11,58","11,68","11,56","11,49M","0,17%"
"23.12.2021","11,57","11,60","11,67","11,55","14,68M","-0,34%"
"22.12.2021","11,61","11,72","11,74","11,55","24,96M","-0,60%"
"21.12.2021","11,68","11,78","11,92","11,68","23,53M","0,26%"
"20.12.2021","11,65","11,87","11,87","11,58","42,58M","-3,00%"
"17.12.2021","12,01","12,32","12,40","11,94","45,58M","-3,46%"
"16.12.2021","12,44","12,55","12,72","12,31","31,54M","-0,32%"
"15.12.2021","12,48","12,75","12,76","12,17","44,82M","-1,65%"
"14.12.2021","12,69","12,86","13,03","12,63","29,02M","0,00%"
"13.12.2021","12,69","12,80","13,02","12,69","24,06M","-0,86%"
"10.12.2021","12,80","12,70","12,94","12,61","16,59M","1,51%"
"09.12.2021","12,61","12,92","12,96","12,55","19,43M","-2,25%"
"08.12.2021","12,90","12,91","12,97","12,72","20,59M","0,47%"
"07.12.2021","12,84","13,23","13,23","12,79","25,38M","-1,38%"
"06.12.2021","13,02","12,89","13,23","12,84","42,54M","2,68%"
"03.12.2021","12,68","12,68","12,86","12,53","34,64M","0,16%"
"02.12.2021","12,66","12,48","12,76","12,46","35,30M","2,68%"
"01.12.2021","12,33","12,80","12,92","12,33","51,79M","-1,67%"
"30.11.2021","12,54","12,09","12,54","11,90","65,18M","3,38%"
"29.11.2021","12,13","12,28","12,46","12,13","23,34M","0,17%"
"26.11.2021","12,11","12,11","12,30","12,03","26,64M","-3,35%"
"25.11.2021","12,53","11,96","12,53","11,93","49,42M","5,21%"
"24.11.2021","11,91","11,58","11,95","11,54","27,83M","1,88%"
"23.11.2021","11,69","11,37","11,72","11,14","32,66M","4,19%"
"22.11.2021","11,22","11,36","11,47","11,19","31,39M","-0,53%"
"19.11.2021","11,28","11,32","11,38","11,23","36,91M","-0,18%"
"18.11.2021","11,30","11,41","11,44","11,22","38,86M","-0,70%"
"17.11.2021","11,38","11,56","11,69","11,38","27,62M","-1,47%"
"16.11.2021","11,55","11,76","11,83","11,47","17,54M","-1,37%"
"12.11.2021","11,71","11,77","11,92","11,64","17,49M","-0,17%"
"11.11.2021","11,73","12,08","12,09","11,73","42,87M","-1,92%"
"10.11.2021","11,96","11,47","12,07","11,46","40,79M","4,64%"
"09.11.2021","11,43","11,81","11,89","11,43","41,56M","-0,17%"
"08.11.2021","11,45","11,26","11,52","11,23","15,96M","0,62%"
"05.11.2021","11,38","11,26","11,49","11,22","15,15M","2,25%"
"04.11.2021","11,13","11,42","11,47","11,06","22,01M","-2,37%"
"03.11.2021","11,40","11,28","11,59","11,23","21,93M","0,71%"
"01.11.2021","11,32","11,25","11,49","11,19","17,46M","2,26%"
"29.10.2021","11,07","11,33","11,33","11,03","22,17M","-1,42%"
"28.10.2021","11,23","11,36","11,38","11,12","17,86M","-0,88%"
"27.10.2021","11,33","11,37","11,61","11,33","15,02M","-0,09%"
"26.10.2021","11,34","11,38","11,47","11,24","22,19M","-1,05%"
"25.10.2021","11,46","11,29","11,57","11,29","21,97M","2,05%"
"22.10.2021","11,23","11,51","11,51","10,84","65,31M","-3,02%"
"21.10.2021","11,58","11,85","12,03","11,40","51,17M","-4,22%"
"20.10.2021","12,09","12,04","12,25","11,87","25,19M","1,60%"
"19.10.2021","11,90","12,38","12,38","11,86","45,46M","-4,88%"
"18.10.2021","12,51","12,14","12,57","12,09","29,87M","1,96%"
"15.10.2021","12,27","11,97","12,35","11,89","28,26M","3,20%"
"14.10.2021","11,89","12,03","12,09","11,87","21,15M","-0,50%"
"13.10.2021","11,95","11,93","12,03","11,78","20,27M","0,17%"
"11.10.2021","11,93","12,06","12,11","11,88","15,40M","-0,83%"
"08.10.2021","12,03","11,85","12,13","11,84","26,82M","2,12%"
"07.10.2021","11,78","11,94","12,07","11,72","23,29M","-1,01%"
"06.10.2021","11,90","11,71","11,94","11,59","31,61M","0,17%"
"05.10.2021","11,88","11,38","11,96","11,34","58,20M","4,76%"
"04.10.2021","11,34","11,46","11,47","11,23","19,47M","-1,22%"
"01.10.2021","11,48","11,28","11,49","11,22","18,68M","2,32%"
"30.09.2021","11,22","11,50","11,50","11,22","22,88M","-1,84%"
"29.09.2021","11,43","11,47","11,53","11,36","23,83M","0,62%"
"28.09.2021","11,36","11,50","11,73","11,28","31,66M","-2,07%"
"27.09.2021","11,60","11,36","11,73","11,33","37,38M","2,20%"
"24.09.2021","11,35","11,37","11,48","11,33","23,97M","-0,79%"
"23.09.2021","11,44","11,46","11,55","11,37","32,17M","0,26%"
"22.09.2021","11,41","11,26","11,57","11,22","48,97M","2,33%"
"21.09.2021","11,15","11,06","11,17","10,91","27,12M","2,48%"
"20.09.2021","10,88","11,00","11,10","10,77","31,32M","-3,20%"
"17.09.2021","11,24","11,36","11,47","11,24","37,29M","-1,83%"
"16.09.2021","11,45","11,24","11,50","11,20","30,50M","1,69%"
"15.09.2021","11,26","11,36","11,37","11,23","16,46M","-0,79%"
"14.09.2021","11,35","11,43","11,53","11,30","16,19M","-0,79%"
"13.09.2021","11,44","11,47","11,56","11,35","19,84M","2,23%"
"10.09.2021","11,19","11,38","11,54","11,19","33,97M","0,36%"
"09.09.2021","11,15","11,02","11,31","10,87","26,81M","1,73%"
"08.09.2021","10,96","11,32","11,34","10,93","26,44M","-4,20%"
"06.09.2021","11,44","11,24","11,46","11,19","11,71M","1,78%"
"03.09.2021","11,24","11,34","11,39","11,10","27,82M","-0,27%"
"02.09.2021","11,27","11,70","11,75","11,24","29,07M","-4,17%"
"01.09.2021","11,76","11,78","11,90","11,73","12,97M","0,09%"
"31.08.2021","11,75","11,70","11,93","11,67","27,44M","0,69%"
"30.08.2021","11,67","11,76","11,81","11,63","12,92M","-0,93%"
"27.08.2021","11,78","11,70","11,81","11,58","12,06M","1,46%"
"26.08.2021","11,61","11,70","11,81","11,59","15,55M","-1,36%"
"25.08.2021","11,77","11,76","11,78","11,63","16,34M","-0,34%"
"24.08.2021","11,81","11,71","11,87","11,63","30,95M","3,23%"
"23.08.2021","11,44","11,35","11,48","11,31","37,49M","0,88%"
"20.08.2021","11,34","11,25","11,39","11,19","20,05M","0,18%"
"19.08.2021","11,32","11,15","11,41","11,11","24,07M","0,71%"
"18.08.2021","11,24","11,22","11,48","11,17","32,01M","0,45%"
"17.08.2021","11,19","11,26","11,33","11,06","32,76M","-0,44%"
"16.08.2021","11,24","11,25","11,47","11,20","31,95M","-0,18%"
"13.08.2021","11,26","11,41","11,46","11,14","50,43M","-0,79%"
"12.08.2021","11,35","11,61","11,65","11,29","42,88M","-2,16%"
"11.08.2021","11,60","11,76","11,77","11,53","44,83M","-0,94%"
"10.08.2021","11,71","12,05","12,24","11,71","45,30M","-2,58%"
"09.08.2021","12,02","12,12","12,30","12,02","20,14M","-0,91%"
"06.08.2021","12,13","11,85","12,17","11,79","23,44M","3,06%"
"05.08.2021","11,77","12,23","12,42","11,76","38,40M","-1,75%"
"04.08.2021","11,98","12,12","12,15","11,88","17,27M","-1,48%"
"03.08.2021","12,16","12,30","12,34","11,99","16,19M","-0,57%"
"02.08.2021","12,23","12,20","12,51","12,19","23,26M","1,33%"
"30.07.2021","12,07","12,23","12,42","12,00","26,73M","-2,27%"
"29.07.2021","12,35","12,55","12,56","12,29","15,15M","-1,59%"
"28.07.2021","12,55","12,43","12,55","12,36","18,11M","1,46%"
"27.07.2021","12,37","12,23","12,43","12,21","14,76M","0,49%"
"26.07.2021","12,31","12,11","12,33","12,11","12,01M","1,48%"
"23.07.2021","12,13","12,21","12,29","12,06","10,67M","-0,49%"
"22.07.2021","12,19","12,35","12,42","12,16","13,48M","-1,46%"
"21.07.2021","12,37","12,22","12,45","12,22","19,58M","0,98%"
"20.07.2021","12,25","12,06","12,28","11,94","15,04M","1,74%"
"19.07.2021","12,04","11,98","12,09","11,95","13,97M","-0,74%"
"16.07.2021","12,13","12,32","12,41","12,10","15,67M","-1,22%"
"15.07.2021","12,28","12,41","12,52","12,19","18,40M","-1,52%"
"14.07.2021","12,47","12,51","12,75","12,38","32,79M","0,73%"
"13.07.2021","12,38","12,37","12,44","12,25","15,21M","-0,48%"
"12.07.2021","12,44","12,22","12,46","12,20","17,72M","2,56%"
"08.07.2021","12,13","11,91","12,16","11,85","33,89M","-0,25%"
"07.07.2021","12,16","12,11","12,19","11,93","15,46M","1,33%"
"06.07.2021","12,00","12,13","12,15","11,95","16,16M","-1,56%"
"05.07.2021","12,19","12,21","12,25","12,14","11,68M","-0,57%"
"02.07.2021","12,26","12,19","12,38","12,15","15,74M","1,07%"
"01.07.2021","12,13","12,29","12,34","12,10","20,64M","-1,06%"
"30.06.2021","12,26","12,35","12,41","12,23","17,72M","-0,89%"
"29.06.2021","12,37","12,48","12,50","12,29","20,23M","-0,72%"
"28.06.2021","12,46","12,56","12,66","12,31","32,75M","-0,72%"
"25.06.2021","12,55","13,00","13,04","12,52","25,06M","-3,01%"
"24.06.2021","12,94","13,03","13,06","12,90","14,63M","0,23%"
"23.06.2021","12,91","12,93","13,11","12,86","21,73M","0,00%"
"22.06.2021","12,91","13,21","13,25","12,80","36,90M","-2,12%"
"21.06.2021","13,19","13,26","13,33","13,14","20,01M","-0,83%"
"18.06.2021","13,30","13,32","13,37","13,06","35,22M","-0,15%"
"17.06.2021","13,32","13,67","13,82","13,27","37,60M","-2,35%"
"16.06.2021","13,64","13,58","13,78","13,51","31,21M","0,74%"
"15.06.2021","13,54","13,66","13,66","13,37","20,31M","-0,37%"
"14.06.2021","13,59","13,62","13,67","13,48","18,83M","1,12%"
"11.06.2021","13,44","13,52","13,52","13,31","18,86M","-0,30%"
"10.06.2021","13,48","13,61","13,74","13,48","23,39M","-0,30%"
"09.06.2021","13,52","13,75","13,81","13,28","42,38M","-1,89%"
"08.06.2021","13,78","13,82","13,92","13,58","41,50M","-0,65%"
"07.06.2021","13,87","13,58","13,95","13,48","43,39M","2,21%"
"04.06.2021","13,57","13,29","13,61","13,26","27,69M","1,50%"
"02.06.2021","13,37","12,91","13,43","12,90","52,51M","3,64%"
"01.06.2021","12,90","12,83","12,92","12,72","21,33M","1,42%"
"31.05.2021","12,72","12,72","12,83","12,66","13,09M","-0,16%"
"28.05.2021","12,74","12,66","12,78","12,61","18,01M","0,39%"
"27.05.2021","12,69","12,51","12,76","12,41","35,77M","1,36%"
"26.05.2021","12,52","12,38","12,56","12,25","32,15M","1,62%"
"25.05.2021","12,32","12,51","12,54","12,23","19,06M","-1,36%"
"24.05.2021","12,49","12,51","12,54","12,45","22,11M","0,73%"
"21.05.2021","12,40","12,37","12,46","12,26","29,25M","0,24%"
"20.05.2021","12,37","12,28","12,37","12,21","34,62M","0,90%"
"19.05.2021","12,26","11,92","12,30","11,82","29,69M","1,66%"
"18.05.2021","12,06","11,89","12,14","11,89","29,60M","1,43%"
"17.05.2021","11,89","11,75","11,95","11,68","24,93M","1,80%"
"14.05.2021","11,68","11,85","11,90","11,61","23,97M","0,00%"
"13.05.2021","11,68","11,44","11,76","11,40","43,90M","2,64%"
"12.05.2021","11,38","11,38","11,56","11,32","27,42M","-0,70%"
"11.05.2021","11,46","11,29","11,46","11,26","22,25M","0,79%"
"10.05.2021","11,37","11,26","11,46","11,21","29,01M","1,25%"
"07.05.2021","11,23","11,25","11,43","11,16","53,40M","2,56%"
"06.05.2021","10,95","10,96","11,04","10,86","31,07M","-0,18%"
"05.05.2021","10,97","11,09","11,09","10,80","32,21M","-0,36%"
"04.05.2021","11,01","11,21","11,24","10,95","24,31M","-1,34%"
"03.05.2021","11,16","11,18","11,26","11,08","20,02M","0,45%"
"30.04.2021","11,11","11,13","11,19","11,04","25,06M","0,00%"
"29.04.2021","11,11","11,36","11,44","11,09","29,13M","-2,20%"
"28.04.2021","11,36","11,25","11,39","11,19","30,09M","1,79%"
"27.04.2021","11,16","11,27","11,29","11,12","25,64M","-1,15%"
"26.04.2021","11,29","11,31","11,46","11,20","19,59M","0,09%"
"23.04.2021","11,28","11,22","11,36","11,19","28,34M","0,80%"
"22.04.2021","11,19","11,40","11,41","11,12","35,59M","-0,89%"
"20.04.2021","11,29","11,11","11,42","11,11","46,90M","1,62%"
"19.04.2021","11,11","11,17","11,32","11,09","42,79M","-0,45%"
"16.04.2021","11,16","11,10","11,19","11,06","25,83M","0,45%"
"15.04.2021","11,11","11,11","11,28","11,01","36,35M","0,09%"
"14.04.2021","11,10","11,11","11,20","10,99","39,44M","0,18%"
"13.04.2021","11,08","11,04","11,13","10,92","26,48M","0,00%"
"12.04.2021","11,08","11,04","11,08","10,96","19,33M","1,19%"
"09.04.2021","10,95","10,92","11,13","10,90","42,54M","0,27%"
"08.04.2021","10,92","11,07","11,10","10,87","35,92M","-0,82%"
"07.04.2021","11,01","11,07","11,23","10,96","39,24M","-0,63%"
"06.04.2021","11,08","11,24","11,29","11,04","27,70M","-1,25%"
"05.04.2021","11,22","11,31","11,38","11,11","25,02M","-0,09%"
"01.04.2021","11,23","11,54","11,55","11,21","25,82M","-1,66%"
"31.03.2021","11,42","11,49","11,53","11,34","25,07M","-0,87%"
"30.03.2021","11,52","11,11","11,54","11,10","34,57M","3,13%"
"29.03.2021","11,17","11,10","11,28","10,99","28,96M","0,45%"
"26.03.2021","11,12","11,10","11,22","10,95","28,88M","0,36%"
"25.03.2021","11,08","10,95","11,19","10,88","35,41M","1,37%"
"24.03.2021","10,93","11,20","11,36","10,91","36,21M","-1,80%"
"23.03.2021","11,13","11,54","11,54","11,13","42,58M","-3,64%"
"22.03.2021","11,55","11,44","11,64","11,34","24,68M","0,35%"
"19.03.2021","11,51","11,31","11,60","11,19","55,07M","0,88%"
"18.03.2021","11,41","11,52","11,78","11,40","43,04M","-0,87%"
"17.03.2021","11,51","11,12","11,61","11,08","43,89M","2,77%"
"16.03.2021","11,20","11,21","11,22","10,97","36,96M","0,27%"
"15.03.2021","11,17","11,17","11,32","11,10","28,69M","-0,71%"
"12.03.2021","11,25","11,17","11,29","11,12","24,63M","0,36%"
"11.03.2021","11,21","11,31","11,43","11,03","42,77M","0,45%"
"10.03.2021","11,16","10,89","11,16","10,69","41,56M","3,14%"
"09.03.2021","10,82","11,00","11,18","10,77","46,11M","-0,73%"
"08.03.2021","10,90","11,19","11,48","10,85","49,54M","-4,55%"
"05.03.2021","11,42","11,25","11,58","11,21","46,28M","1,87%"
"04.03.2021","11,21","10,90","11,37","10,86","47,89M","3,60%"
"03.03.2021","10,82","10,75","11,07","10,45","53,90M","0,19%"
"02.03.2021","10,80","10,24","10,97","10,08","72,67M","3,85%"
"01.03.2021","10,40","10,69","10,74","10,34","55,57M","-0,67%"
"26.02.2021","10,47","11,05","11,13","10,41","93,72M","-4,90%"
"25.02.2021","11,01","11,36","11,60","10,94","54,63M","-2,65%"
"24.02.2021","11,31","11,47","11,52","11,11","41,20M","-0,35%"
"23.02.2021","11,35","11,05","11,49","11,02","95,54M","7,08%"
"22.02.2021","10,60","10,84","10,97","10,50","204,07M","-11,59%"
"19.02.2021","11,99","12,17","12,28","11,96","54,82M","-1,88%"
"18.02.2021","12,22","12,26","12,36","12,14","34,33M","-0,33%"
"17.02.2021","12,26","12,38","12,43","12,25","27,14M","-1,13%"
"12.02.2021","12,40","12,41","12,55","12,20","35,35M","-0,56%"
"11.02.2021","12,47","12,50","12,63","12,41","19,89M","0,32%"
"10.02.2021","12,43","12,60","12,67","12,40","28,46M","-1,35%"
"09.02.2021","12,60","12,41","12,68","12,37","30,61M","1,20%"
"08.02.2021","12,45","12,47","12,59","12,35","23,30M","-0,24%"
"05.02.2021","12,48","12,60","12,67","12,42","25,49M","-0,72%"
"04.02.2021","12,57","12,72","12,76","12,50","20,15M","-0,40%"
"03.02.2021","12,62","12,61","12,77","12,56","20,95M","0,80%"
"02.02.2021","12,52","12,77","12,90","12,44","39,60M","-0,63%"
"01.02.2021","12,60","12,61","12,68","12,43","33,53M","1,29%"
"29.01.2021","12,44","12,53","12,74","12,37","34,99M","-1,97%"
"28.01.2021","12,69","12,34","12,84","12,30","41,86M","2,84%"
"27.01.2021","12,34","12,03","12,51","11,95","50,16M","2,41%"
"26.01.2021","12,05","12,48","12,58","11,98","53,84M","-2,67%"
"22.01.2021","12,38","12,36","12,43","12,22","40,81M","-1,43%"
"21.01.2021","12,56","12,70","12,79","12,40","46,61M","-1,02%"
"20.01.2021","12,69","13,04","13,08","12,68","45,39M","-2,23%"
"19.01.2021","12,98","13,34","13,35","12,88","39,03M","-1,67%"
"18.01.2021","13,20","13,47","13,61","13,16","47,70M","-1,05%"
"15.01.2021","13,34","13,67","13,76","13,34","58,29M","-3,12%"
"14.01.2021","13,77","13,88","14,02","13,54","79,07M","-0,22%"
"13.01.2021","13,80","14,52","14,59","13,69","69,73M","-4,96%"
"12.01.2021","14,52","14,58","14,62","14,29","31,04M","0,97%"
"11.01.2021","14,38","14,54","14,66","14,26","33,76M","-1,64%"
"08.01.2021","14,62","14,65","14,91","14,44","32,47M","0,55%"
"07.01.2021","14,54","14,01","14,59","13,94","43,76M","4,15%"
"06.01.2021","13,96","13,79","14,23","13,74","41,13M","2,12%"
"05.01.2021","13,67","13,76","13,76","13,49","31,91M","-1,09%"
"04.01.2021","13,82","14,42","14,44","13,78","27,75M","-3,09%"
"30.12.2020","14,26","14,44","14,46","14,21","17,19M","-0,83%"
"29.12.2020","14,38","14,52","14,55","14,31","14,60M","-0,55%"
"28.12.2020","14,46","14,45","14,54","14,41","15,15M","1,12%"
"23.12.2020","14,30","14,18","14,40","14,06","18,35M","1,63%"
"22.12.2020","14,07","14,02","14,28","13,97","21,54M","1,30%"
"21.12.2020","13,89","14,01","14,14","13,84","37,44M","-3,34%"
"18.12.2020","14,37","14,44","14,56","14,30","24,95M","-0,76%"
"17.12.2020","14,48","14,47","14,62","14,30","22,84M","0,14%"
"16.12.2020","14,46","14,41","14,62","14,05","53,02M","0,91%"
"15.12.2020","14,33","14,26","14,52","14,23","30,50M","1,27%"
"14.12.2020","14,15","14,18","14,45","14,11","49,65M","0,35%"
"11.12.2020","14,10","13,70","14,19","13,62","49,94M","1,73%"
"10.12.2020","13,86","13,28","13,92","13,27","52,69M","5,16%"
"09.12.2020","13,18","13,42","13,52","13,17","25,71M","-1,35%"
"08.12.2020","13,36","13,38","13,77","13,21","37,95M","-0,07%"
"07.12.2020","13,37","13,12","13,66","13,05","48,03M","1,44%"
"04.12.2020","13,18","13,04","13,18","12,90","28,26M","2,09%"
"03.12.2020","12,91","12,82","13,15","12,78","43,15M","0,86%"
"02.12.2020","12,80","12,75","12,95","12,66","24,59M","0,39%"
"01.12.2020","12,75","12,65","12,96","12,58","38,77M","2,74%"
"30.11.2020","12,41","12,64","12,67","12,37","38,82M","-2,13%"
"27.11.2020","12,68","12,78","12,94","12,64","19,26M","-0,47%"
"26.11.2020","12,74","12,85","12,89","12,61","18,34M","-1,62%"
"25.11.2020","12,95","12,97","13,05","12,70","27,42M","-0,31%"
"24.11.2020","12,99","12,73","13,21","12,73","45,08M","2,69%"
"23.11.2020","12,65","12,66","12,85","12,57","35,03M","0,80%"
"20.11.2020","12,55","12,67","12,75","12,42","24,72M","-1,03%"
"19.11.2020","12,68","12,53","12,86","12,45","41,99M","0,96%"
"18.11.2020","12,56","12,48","12,70","12,38","40,04M","0,24%"
"17.11.2020","12,53","12,32","12,61","12,24","37,38M","1,46%"
"16.11.2020","12,35","12,23","12,48","12,19","46,42M","2,57%"
"13.11.2020","12,04","12,02","12,08","11,80","34,68M","1,01%"
"12.11.2020","11,92","12,38","12,43","11,80","49,99M","-4,18%"
"11.11.2020","12,44","12,51","12,67","12,15","54,25M","-0,64%"
"10.11.2020","12,52","11,94","12,68","11,92","84,09M","5,12%"
"09.11.2020","11,91","11,70","12,01","11,66","67,56M","7,20%"
"06.11.2020","11,11","11,11","11,17","10,99","25,72M","-0,63%"
"05.11.2020","11,18","11,17","11,34","11,09","37,39M","1,18%"
"04.11.2020","11,05","11,08","11,24","10,95","27,45M","0,73%"
"03.11.2020","10,97","11,08","11,21","10,89","34,31M","1,01%"
"30.10.2020","10,86","11,18","11,25","10,79","43,65M","-3,72%"
"29.10.2020","11,28","11,34","11,40","10,94","38,51M","-0,53%"
"28.10.2020","11,34","11,64","11,67","11,33","30,40M","-5,03%"
"27.10.2020","11,94","12,31","12,42","11,85","30,28M","-2,13%"
"26.10.2020","12,20","12,15","12,32","11,97","28,63M","-0,08%"
"23.10.2020","12,21","12,27","12,49","12,14","37,87M","-0,41%"
"22.10.2020","12,26","11,70","12,27","11,68","59,60M","4,34%"
"21.10.2020","11,75","11,64","11,83","11,58","32,18M","0,77%"
"20.10.2020","11,66","11,26","11,67","11,26","42,98M","4,57%"
"19.10.2020","11,15","11,08","11,36","11,04","31,05M","1,09%"
"16.10.2020","11,03","11,26","11,30","11,02","24,76M","-2,56%"
"15.10.2020","11,32","11,09","11,45","11,01","25,41M","0,71%"
"14.10.2020","11,24","11,33","11,49","11,24","20,30M","-0,62%"
"13.10.2020","11,31","11,32","11,45","11,18","21,48M","0,00%"
"09.10.2020","11,31","11,33","11,54","11,16","27,58M","-0,62%"
"08.10.2020","11,38","10,90","11,47","10,80","36,09M","4,79%"
"07.10.2020","10,86","11,00","11,09","10,83","24,75M","-0,73%"
"06.10.2020","10,94","11,11","11,22","10,89","21,21M","-0,64%"
"05.10.2020","11,01","10,89","11,07","10,69","25,00M","1,76%"
"02.10.2020","10,82","10,71","11,20","10,68","33,48M","-0,28%"
"01.10.2020","10,85","10,86","10,89","10,62","23,72M","0,56%"
"30.09.2020","10,79","10,93","10,97","10,74","27,81M","-0,46%"
"29.09.2020","10,84","11,10","11,18","10,84","36,29M","-2,43%"
"28.09.2020","11,11","11,18","11,57","10,97","60,46M","0,63%"
"25.09.2020","11,04","11,02","11,10","10,92","18,59M","-0,36%"
"24.09.2020","11,08","10,99","11,26","10,90","31,33M","0,82%"
"23.09.2020","10,99","11,24","11,27","10,95","25,26M","-2,14%"
"22.09.2020","11,23","11,24","11,54","11,18","21,09M","-0,18%"
"21.09.2020","11,25","11,19","11,34","11,08","26,61M","-1,49%"
"18.09.2020","11,42","11,64","11,66","11,35","31,61M","-2,48%"
"17.09.2020","11,71","11,59","11,76","11,55","20,22M","0,17%"
"16.09.2020","11,69","11,69","11,88","11,66","27,14M","0,34%"
"15.09.2020","11,65","11,88","11,88","11,61","22,95M","-1,19%"
"14.09.2020","11,79","11,74","11,87","11,55","21,88M","1,46%"
"11.09.2020","11,62","11,83","11,87","11,52","29,21M","-1,61%"
"10.09.2020","11,81","12,03","12,16","11,78","26,27M","-2,07%"
"09.09.2020","12,06","12,19","12,24","11,97","24,98M","-0,17%"
"08.09.2020","12,08","12,18","12,23","12,01","26,74M","-2,03%"
"04.09.2020","12,33","12,38","12,48","12,10","41,50M","0,57%"
"03.09.2020","12,26","12,05","12,63","12,02","59,43M","1,57%"
"02.09.2020","12,07","12,07","12,12","11,89","19,19M","0,08%"
"01.09.2020","12,06","12,04","12,20","11,95","24,54M","1,69%"
"31.08.2020","11,86","12,12","12,12","11,86","27,57M","-2,15%"
"28.08.2020","12,12","11,99","12,17","11,98","22,58M","1,93%"
"27.08.2020","11,89","11,81","12,14","11,75","31,50M","0,93%"
"26.08.2020","11,78","12,03","12,14","11,64","32,75M","-2,40%"
"25.08.2020","12,07","12,27","12,33","12,00","23,44M","-0,66%"
"24.08.2020","12,15","11,94","12,35","11,91","38,60M","2,88%"
"21.08.2020","11,81","11,64","11,85","11,58","22,96M","0,94%"
"20.08.2020","11,70","11,50","11,73","11,43","45,38M","0,09%"
"19.08.2020","11,69","11,77","11,81","11,65","20,63M","-0,43%"
"18.08.2020","11,74","11,79","11,81","11,61","28,82M","1,38%"
"17.08.2020","11,58","11,88","11,95","11,43","43,50M","-2,61%"
"14.08.2020","11,89","11,86","12,00","11,75","21,44M","0,34%"
"13.08.2020","11,85","12,14","12,32","11,84","29,31M","-1,99%"
"12.08.2020","12,09","12,18","12,33","11,89","35,73M","-0,58%"
"11.08.2020","12,16","12,40","12,50","12,15","27,85M","-1,46%"
"10.08.2020","12,34","12,22","12,40","12,09","19,34M","0,98%"
"07.08.2020","12,22","12,18","12,52","12,04","37,00M","-0,73%"
"06.08.2020","12,31","12,10","12,34","11,87","36,33M","3,10%"
"05.08.2020","11,94","12,11","12,17","11,79","28,11M","0,08%"
"04.08.2020","11,93","12,14","12,40","11,83","41,15M","-3,09%"
"03.08.2020","12,31","12,27","12,55","12,10","47,75M","2,33%"
"31.07.2020","12,03","12,50","12,53","12,03","41,02M","-3,53%"
"30.07.2020","12,47","12,58","12,73","12,37","45,57M","-3,18%"
"29.07.2020","12,88","12,68","12,88","12,59","26,00M","2,63%"
"28.07.2020","12,55","12,43","12,82","12,38","33,83M","0,32%"
"27.07.2020","12,51","12,07","12,56","12,02","47,31M","2,88%"
"24.07.2020","12,16","12,18","12,40","12,06","33,70M","-1,22%"
"23.07.2020","12,31","12,63","12,63","12,26","28,11M","-2,38%"
"22.07.2020","12,61","12,77","12,79","12,44","27,12M","-0,86%"
"21.07.2020","12,72","12,81","12,97","12,64","37,96M","0,55%"
"20.07.2020","12,65","12,72","12,78","12,49","31,43M","-0,39%"
"17.07.2020","12,70","12,36","12,70","12,35","33,52M","3,08%"
"16.07.2020","12,32","12,33","12,38","12,21","20,04M","-0,88%"
"15.07.2020","12,43","12,43","12,56","12,32","29,25M","0,97%"
"14.07.2020","12,31","12,12","12,33","12,00","28,46M","1,65%"
"13.07.2020","12,11","12,34","12,46","12,11","27,82M","-0,98%"
"10.07.2020","12,23","12,14","12,30","12,02","27,93M","0,49%"
"09.07.2020","12,17","12,25","12,30","12,11","22,29M","-0,33%"
"08.07.2020","12,21","12,08","12,25","12,01","35,18M","2,43%"
"07.07.2020","11,92","12,29","12,31","11,92","45,90M","-4,03%"
"06.07.2020","12,42","12,31","12,54","12,21","37,88M","3,50%"
"03.07.2020","12,00","11,87","12,00","11,71","16,21M","1,01%"
"02.07.2020","11,88","12,05","12,27","11,82","39,62M","0,25%"
"01.07.2020","11,85","11,62","11,92","11,53","33,83M","2,86%"
"30.06.2020","11,52","11,90","11,90","11,47","49,57M","-3,84%"
"29.06.2020","11,98","11,53","11,98","11,44","36,18M","5,09%"
"26.06.2020","11,40","11,70","11,78","11,40","29,21M","-3,63%"
"25.06.2020","11,83","11,59","11,84","11,49","37,64M","2,51%"
"24.06.2020","11,54","11,94","12,04","11,43","48,51M","-3,91%"
"23.06.2020","12,01","12,11","12,20","11,86","32,26M","0,84%"
"22.06.2020","11,91","12,26","12,33","11,82","30,10M","-2,06%"
"19.06.2020","12,16","12,50","12,58","12,15","40,24M","-1,30%"
"18.06.2020","12,32","12,25","12,59","12,11","37,63M","-0,32%"
"17.06.2020","12,36","11,98","12,46","11,95","37,67M","3,00%"
"16.06.2020","12,00","12,36","12,42","11,86","46,14M","1,27%"
"15.06.2020","11,85","11,46","11,94","11,36","66,72M","-0,84%"
"12.06.2020","11,95","11,82","12,14","11,75","57,60M","-2,53%"
"10.06.2020","12,26","13,03","13,04","12,26","53,97M","-4,37%"
"09.06.2020","12,82","12,73","13,28","12,58","57,02M","-1,69%"
"08.06.2020","13,04","12,83","13,19","12,72","44,19M","3,41%"
"05.06.2020","12,61","13,40","13,68","12,54","70,59M","0,72%"
"04.06.2020","12,52","12,34","12,74","12,01","47,42M","0,56%"
"03.06.2020","12,45","12,35","12,54","12,12","58,58M","5,87%"
"02.06.2020","11,76","11,68","11,79","11,56","31,06M","3,25%"
"01.06.2020","11,39","11,02","11,52","10,95","43,87M","3,08%"
"29.05.2020","11,05","10,93","11,05","10,66","53,59M","0,18%"
"28.05.2020","11,03","10,97","11,27","10,82","41,16M","-0,36%"
"27.05.2020","11,07","11,33","11,33","10,93","38,19M","0,36%"
"26.05.2020","11,03","11,64","11,80","10,83","61,47M","-2,30%"
"25.05.2020","11,29","10,75","11,29","10,68","63,30M","10,58%"
"22.05.2020","10,21","10,34","10,44","10,00","51,91M","-2,58%"
"21.05.2020","10,48","9,90","10,49","9,85","60,71M","7,05%"
"20.05.2020","9,79","9,67","9,90","9,59","45,38M","2,51%"
"19.05.2020","9,55","9,77","9,95","9,55","32,99M","-2,75%"
"18.05.2020","9,82","9,72","9,95","9,55","37,25M","4,80%"
"15.05.2020","9,37","9,49","9,70","9,26","46,63M","-1,88%"
"14.05.2020","9,55","8,96","9,60","8,87","72,17M","4,37%"
"13.05.2020","9,15","9,55","9,62","9,04","52,37M","-2,97%"
"12.05.2020","9,43","9,83","9,87","9,41","47,52M","-3,48%"
"11.05.2020","9,77","9,64","10,08","9,60","34,33M","0,62%"
"08.05.2020","9,71","9,71","9,93","9,60","34,94M","3,19%"
"07.05.2020","9,41","9,83","9,83","9,34","52,56M","-2,69%"
"06.05.2020","9,67","10,02","10,08","9,58","40,12M","-2,91%"
"05.05.2020","9,96","10,04","10,23","9,87","31,41M","0,10%"
"04.05.2020","9,95","9,81","9,95","9,67","32,96M","-2,55%"
"30.04.2020","10,21","10,14","10,31","9,98","47,53M","-3,59%"
"29.04.2020","10,59","10,76","10,82","10,29","48,88M","1,44%"
"28.04.2020","10,44","9,75","10,48","9,71","85,98M","13,48%"
"27.04.2020","9,20","9,14","9,39","9,00","64,01M","5,63%"
"24.04.2020","8,71","9,90","9,92","8,60","146,62M","-13,33%"
"23.04.2020","10,05","10,46","10,62","9,89","43,12M","-2,80%"
"22.04.2020","10,34","10,35","10,44","10,26","40,20M","-0,48%"
"20.04.2020","10,39","10,39","10,57","10,22","35,29M","-1,98%"
"17.04.2020","10,60","10,59","10,77","10,40","37,13M","2,71%"
"16.04.2020","10,32","10,78","10,88","10,32","41,19M","-2,82%"
"15.04.2020","10,62","10,56","10,83","10,39","33,36M","-1,85%"
"14.04.2020","10,82","11,08","11,34","10,75","35,32M","-0,09%"
"13.04.2020","10,83","10,66","10,86","10,28","35,87M","1,98%"
"09.04.2020","10,62","10,87","11,06","10,55","34,91M","-0,28%"
"08.04.2020","10,65","10,50","10,95","10,24","39,58M","1,91%"
"07.04.2020","10,45","10,55","10,93","10,45","42,85M","4,71%"
"06.04.2020","9,98","9,73","10,14","9,58","42,67M","9,19%"
"03.04.2020","9,14","9,62","9,63","8,96","37,62M","-5,58%"
"02.04.2020","9,68","9,66","9,96","9,43","31,31M","1,15%"
"01.04.2020","9,57","9,64","9,77","9,33","39,56M","-4,20%"
"31.03.2020","9,99","10,46","10,57","9,83","37,27M","-3,85%"
"30.03.2020","10,39","10,35","10,55","10,14","31,43M","2,67%"
"27.03.2020","10,12","10,31","10,57","10,04","41,37M","-7,33%"
"26.03.2020","10,92","10,51","11,35","10,49","51,04M","5,00%"
"25.03.2020","10,40","9,29","10,95","9,22","49,81M","11,95%"
"24.03.2020","9,29","8,67","9,49","8,53","51,24M","17,15%"